time,cell1,cell2,cell3,cell4,total,throttle
Старт цикла: 10с работа, 5с пауза
14999,4.186,4.206,8.391,0.000,0.000,0
15499,4.176,4.186,8.362,0.000,0.000,60
16000,4.088,4.186,8.273,0.000,0.000,60
16500,4.078,4.195,8.273,0.000,0.000,60
17000,4.088,4.215,8.303,0.000,0.000,60
17500,4.127,4.087,8.214,0.000,0.000,60
18000,4.078,4.210,8.288,0.000,0.000,60
18500,4.078,4.151,8.229,0.000,0.000,60
19000,4.107,4.078,8.185,0.000,0.000,60
19500,4.078,4.195,8.273,0.000,0.000,60
20000,4.068,4.176,8.244,0.000,0.000,60
20500,4.078,4.195,8.273,0.000,0.000,60
21000,4.088,4.082,8.170,0.000,0.000,60
21500,4.117,4.038,8.155,0.000,0.000,60
22000,4.117,4.097,8.214,0.000,0.000,60
22500,4.078,4.166,8.244,0.000,0.000,60
23000,4.107,4.048,8.155,0.000,0.000,60
23500,4.068,4.191,8.259,0.000,0.000,60
24000,4.078,4.136,8.214,0.000,0.000,60
24500,4.058,4.186,8.244,0.000,0.000,60
25000,4.049,4.122,8.170,0.000,0.000,0
25500,4.147,4.171,8.318,0.000,0.000,0
26000,4.147,4.186,8.332,0.000,0.000,0
26500,4.156,4.176,8.332,0.000,0.000,0
27000,4.156,4.176,8.332,0.000,0.000,0
27500,4.156,4.176,8.332,0.000,0.000,0
28000,4.156,4.176,8.332,0.000,0.000,0
28500,4.156,4.191,8.347,0.000,0.000,0
29000,4.156,4.191,8.347,0.000,0.000,0
29500,4.156,4.191,8.347,0.000,0.000,0
30000,4.166,4.181,8.347,0.000,0.000,60
30500,4.137,4.107,8.244,0.000,0.000,60
31000,4.127,4.043,8.170,0.000,0.000,60
31500,4.068,4.176,8.244,0.000,0.000,60
32000,4.058,4.156,8.214,0.000,0.000,60
32500,4.107,4.063,8.170,0.000,0.000,60
33000,4.088,4.112,8.200,0.000,0.000,60
33500,4.058,4.186,8.244,0.000,0.000,60
34000,4.058,4.156,8.214,0.000,0.000,60
34500,4.117,4.038,8.155,0.000,0.000,60
35000,4.058,4.141,8.200,0.000,0.000,60
35500,4.049,4.181,8.229,0.000,0.000,60
36000,4.078,4.107,8.185,0.000,0.000,60
36500,4.117,4.038,8.155,0.000,0.000,60
37000,4.058,4.171,8.229,0.000,0.000,60
37500,4.049,4.122,8.170,0.000,0.000,60
38000,4.049,4.181,8.229,0.000,0.000,60
38500,4.107,4.019,8.126,0.000,0.000,60
39000,4.088,4.038,8.126,0.000,0.000,60
39500,4.058,4.156,8.214,0.000,0.000,60
40000,4.078,4.048,8.126,0.000,0.000,0
40500,4.127,4.161,8.288,0.000,0.000,0
41000,4.137,4.151,8.288,0.000,0.000,0
41500,4.137,4.166,8.303,0.000,0.000,0
42000,4.137,4.166,8.303,0.000,0.000,0
42500,4.137,4.166,8.303,0.000,0.000,0
43000,4.147,4.171,8.318,0.000,0.000,0
43500,4.147,4.171,8.318,0.000,0.000,0
44000,4.147,4.171,8.318,0.000,0.000,0
44500,4.147,4.171,8.318,0.000,0.000,0
45000,4.147,4.171,8.318,0.000,0.000,60
45500,4.137,4.151,8.288,0.000,0.000,60
46000,4.058,4.156,8.214,0.000,0.000,60
46500,4.078,4.077,8.155,0.000,0.000,60
47000,4.098,4.073,8.170,0.000,0.000,60
47500,4.068,4.058,8.126,0.000,0.000,60
48000,4.058,4.068,8.126,0.000,0.000,60
48500,4.107,4.019,8.126,0.000,0.000,60
49000,4.049,4.077,8.126,0.000,0.000,60
49500,4.049,4.136,8.185,0.000,0.000,60
50000,4.078,4.048,8.126,0.000,0.000,60
50500,4.039,4.176,8.214,0.000,0.000,60
51000,4.049,4.166,8.214,0.000,0.000,60
51500,4.058,4.053,8.111,0.000,0.000,60
52000,4.049,4.136,8.185,0.000,0.000,60
52500,4.039,4.176,8.214,0.000,0.000,60
53000,4.039,4.072,8.111,0.000,0.000,60
53500,4.039,4.176,8.214,0.000,0.000,60
54000,4.029,4.097,8.126,0.000,0.000,60
54500,4.078,4.033,8.111,0.000,0.000,60
55000,4.039,4.161,8.200,0.000,0.000,0
55500,4.117,4.141,8.259,0.000,0.000,0
56000,4.127,4.146,8.273,0.000,0.000,0
56500,4.127,4.146,8.273,0.000,0.000,0
57000,4.127,4.161,8.288,0.000,0.000,0
57500,4.137,4.151,8.288,0.000,0.000,0
58000,4.137,4.151,8.288,0.000,0.000,0
58500,4.137,4.151,8.288,0.000,0.000,0
59000,4.137,4.151,8.288,0.000,0.000,0
59500,4.137,4.166,8.303,0.000,0.000,0
60000,4.137,4.166,8.303,0.000,0.000,60
60500,4.137,4.151,8.288,0.000,0.000,60
61000,4.088,4.038,8.126,0.000,0.000,60
61500,4.107,4.019,8.126,0.000,0.000,60
62000,4.049,4.166,8.214,0.000,0.000,60
62500,4.049,4.107,8.155,0.000,0.000,60
63000,4.039,4.131,8.170,0.000,0.000,60
63500,4.088,4.053,8.141,0.000,0.000,60
64000,4.039,4.146,8.185,0.000,0.000,60
64500,4.098,3.999,8.096,0.000,0.000,60
65000,4.029,4.141,8.170,0.000,0.000,60
65500,4.088,4.023,8.111,0.000,0.000,60
66000,4.039,4.146,8.185,0.000,0.000,60
66500,4.039,4.146,8.185,0.000,0.000,60
67000,4.029,4.112,8.141,0.000,0.000,60
67500,4.088,4.009,8.096,0.000,0.000,60
68000,4.029,4.156,8.185,0.000,0.000,60
68500,4.049,4.048,8.096,0.000,0.000,60
69000,4.088,4.009,8.096,0.000,0.000,60
69500,4.029,4.156,8.185,0.000,0.000,60
70000,4.088,3.994,8.082,0.000,0.000,0
70500,4.107,4.137,8.244,0.000,0.000,0
71000,4.117,4.141,8.259,0.000,0.000,0
71500,4.117,4.141,8.259,0.000,0.000,0
72000,4.117,4.141,8.259,0.000,0.000,0
72500,4.127,4.146,8.273,0.000,0.000,0
73000,4.127,4.146,8.273,0.000,0.000,0
73500,4.127,4.146,8.273,0.000,0.000,0
74000,4.127,4.146,8.273,0.000,0.000,0
74500,4.127,4.146,8.273,0.000,0.000,0
75000,4.127,4.146,8.273,0.000,0.000,60
75500,4.127,4.146,8.273,0.000,0.000,60
76000,4.078,3.901,7.978,0.000,0.000,60
76500,4.049,4.063,8.111,0.000,0.000,60
77000,4.049,4.092,8.141,0.000,0.000,60
77500,4.078,4.018,8.096,0.000,0.000,60
78000,4.078,4.018,8.096,0.000,0.000,60
78500,4.088,4.009,8.096,0.000,0.000,60
79000,4.058,4.038,8.096,0.000,0.000,60
79500,4.058,4.038,8.096,0.000,0.000,60
80000,4.029,4.156,8.185,0.000,0.000,60
80500,4.029,4.112,8.141,0.000,0.000,60
81000,4.029,4.141,8.170,0.000,0.000,60
81500,4.029,4.141,8.170,0.000,0.000,60
82000,4.029,4.097,8.126,0.000,0.000,60
82500,4.019,4.136,8.155,0.000,0.000,60
83000,4.039,4.043,8.082,0.000,0.000,60
83500,4.078,3.989,8.067,0.000,0.000,60
84000,4.019,4.122,8.141,0.000,0.000,60
84500,4.019,4.092,8.111,0.000,0.000,60
85000,4.039,4.028,8.067,0.000,0.000,0
85500,4.098,4.132,8.229,0.000,0.000,0
86000,4.107,4.122,8.229,0.000,0.000,0
86500,4.107,4.137,8.244,0.000,0.000,0
87000,4.107,4.137,8.244,0.000,0.000,0
87500,4.107,4.137,8.244,0.000,0.000,0
88000,4.117,4.141,8.259,0.000,0.000,0
88500,4.117,4.141,8.259,0.000,0.000,0
89000,4.117,4.141,8.259,0.000,0.000,0
89500,4.117,4.141,8.259,0.000,0.000,0
90000,4.117,4.141,8.259,0.000,0.000,60
90500,4.117,4.127,8.244,0.000,0.000,60
91000,4.088,3.994,8.082,0.000,0.000,60
91500,4.078,4.033,8.111,0.000,0.000,60
92000,4.078,4.033,8.111,0.000,0.000,60
92500,4.039,4.043,8.082,0.000,0.000,60
93000,4.078,4.004,8.082,0.000,0.000,60
93500,4.068,4.014,8.082,0.000,0.000,60
94000,4.029,4.141,8.170,0.000,0.000,60
94500,4.029,4.082,8.111,0.000,0.000,60
95000,4.029,4.038,8.067,0.000,0.000,60
95500,4.019,4.077,8.096,0.000,0.000,60
96000,4.019,4.122,8.141,0.000,0.000,60
96500,4.019,4.033,8.052,0.000,0.000,60
97000,4.068,3.999,8.067,0.000,0.000,60
97500,4.009,4.087,8.096,0.000,0.000,60
98000,4.058,3.994,8.052,0.000,0.000,60
98500,4.009,4.146,8.155,0.000,0.000,60
99000,4.058,3.994,8.052,0.000,0.000,60
99500,4.049,4.004,8.052,0.000,0.000,60
100000,4.058,3.994,8.052,0.000,0.000,0
100500,4.088,4.127,8.214,0.000,0.000,0
101000,4.098,4.117,8.214,0.000,0.000,0
101500,4.098,4.132,8.229,0.000,0.000,0
102000,4.107,4.122,8.229,0.000,0.000,0
102500,4.107,4.122,8.229,0.000,0.000,0
103000,4.107,4.122,8.229,0.000,0.000,0
103500,4.107,4.137,8.244,0.000,0.000,0
104000,4.107,4.137,8.244,0.000,0.000,0
104500,4.107,4.137,8.244,0.000,0.000,0
105000,4.107,4.137,8.244,0.000,0.000,60
105500,4.117,4.097,8.214,0.000,0.000,60
106000,4.049,4.048,8.096,0.000,0.000,60
106500,4.019,4.122,8.141,0.000,0.000,60
107000,4.058,4.023,8.082,0.000,0.000,60
107500,4.009,4.117,8.126,0.000,0.000,60
108000,4.039,4.028,8.067,0.000,0.000,60
108500,4.058,3.994,8.052,0.000,0.000,60
109000,4.019,4.136,8.155,0.000,0.000,60
109500,4.009,4.102,8.111,0.000,0.000,60
110000,4.019,4.033,8.052,0.000,0.000,60
110500,4.019,4.077,8.096,0.000,0.000,60
111000,4.049,4.018,8.067,0.000,0.000,60
111500,4.009,4.131,8.141,0.000,0.000,60
112000,4.019,4.018,8.037,0.000,0.000,60
112500,4.000,4.038,8.037,0.000,0.000,60
113000,4.068,3.984,8.052,0.000,0.000,60
113500,4.058,3.979,8.037,0.000,0.000,60
114000,4.000,4.112,8.111,0.000,0.000,60
114500,4.058,3.994,8.052,0.000,0.000,60
115000,4.058,3.994,8.052,0.000,0.000,0
115500,4.088,4.112,8.200,0.000,0.000,0
116000,4.088,4.112,8.200,0.000,0.000,0
116500,4.088,4.112,8.200,0.000,0.000,0
117000,4.098,4.117,8.214,0.000,0.000,0
117500,4.098,4.117,8.214,0.000,0.000,0
118000,4.098,4.117,8.214,0.000,0.000,0
118500,4.098,4.132,8.229,0.000,0.000,0
119000,4.098,4.132,8.229,0.000,0.000,0
119500,4.098,4.132,8.229,0.000,0.000,0
120000,4.098,4.132,8.229,0.000,0.000,60
120500,4.098,4.132,8.229,0.000,0.000,60
121000,4.000,4.082,8.082,0.000,0.000,60
121500,4.019,4.136,8.155,0.000,0.000,60
122000,4.058,4.009,8.067,0.000,0.000,60
122500,4.000,4.112,8.111,0.000,0.000,60
123000,4.009,4.102,8.111,0.000,0.000,60
123500,4.058,3.994,8.052,0.000,0.000,60
124000,4.058,3.994,8.052,0.000,0.000,60
124500,4.009,4.117,8.126,0.000,0.000,60
125000,4.058,3.979,8.037,0.000,0.000,60
125500,4.049,3.989,8.037,0.000,0.000,60
126000,4.058,3.979,8.037,0.000,0.000,60
126500,4.000,4.126,8.126,0.000,0.000,60
127000,4.000,4.082,8.082,0.000,0.000,60
127500,4.058,3.979,8.037,0.000,0.000,60
128000,4.029,3.994,8.023,0.000,0.000,60
128500,3.990,4.092,8.082,0.000,0.000,60
129000,4.000,4.112,8.111,0.000,0.000,60
129500,4.049,3.974,8.023,0.000,0.000,60
130000,4.049,3.989,8.037,0.000,0.000,0
130500,4.078,4.107,8.185,0.000,0.000,0
131000,4.078,4.107,8.185,0.000,0.000,0
131500,4.078,4.107,8.185,0.000,0.000,0
132000,4.088,4.112,8.200,0.000,0.000,0
132500,4.088,4.112,8.200,0.000,0.000,0
133000,4.088,4.112,8.200,0.000,0.000,0
133500,4.088,4.112,8.200,0.000,0.000,0
134000,4.088,4.127,8.214,0.000,0.000,0
134500,4.098,4.117,8.214,0.000,0.000,0
135000,4.098,4.117,8.214,0.000,0.000,60
135500,4.049,4.122,8.170,0.000,0.000,60
136000,4.019,4.033,8.052,0.000,0.000,60
136500,4.009,4.102,8.111,0.000,0.000,60
137000,4.039,4.013,8.052,0.000,0.000,60
137500,4.039,3.999,8.037,0.000,0.000,60
138000,4.009,4.102,8.111,0.000,0.000,60
138500,4.029,4.009,8.037,0.000,0.000,60
139000,4.019,4.063,8.082,0.000,0.000,60
139500,4.029,4.023,8.052,0.000,0.000,60
140000,4.049,3.974,8.023,0.000,0.000,60
140500,4.009,4.013,8.023,0.000,0.000,60
141000,4.000,4.112,8.111,0.000,0.000,60
141500,3.990,4.033,8.023,0.000,0.000,60
142000,3.990,4.107,8.096,0.000,0.000,60
142500,3.990,4.062,8.052,0.000,0.000,60
143000,3.990,4.107,8.096,0.000,0.000,60
143500,4.049,3.974,8.023,0.000,0.000,60
144000,3.990,4.018,8.008,0.000,0.000,60
144500,3.990,4.107,8.096,0.000,0.000,60
145000,3.990,4.033,8.023,0.000,0.000,0
145500,4.068,4.102,8.170,0.000,0.000,0
146000,4.078,4.092,8.170,0.000,0.000,0
146500,4.078,4.092,8.170,0.000,0.000,0
147000,4.078,4.107,8.185,0.000,0.000,0
147500,4.078,4.107,8.185,0.000,0.000,0
148000,4.078,4.107,8.185,0.000,0.000,0
148500,4.088,4.112,8.200,0.000,0.000,0
149000,4.088,4.112,8.200,0.000,0.000,0
149500,4.088,4.112,8.200,0.000,0.000,0
150000,4.088,4.112,8.200,0.000,0.000,60
150500,4.078,4.107,8.185,0.000,0.000,60
151000,4.039,3.822,7.860,0.000,0.000,60
151500,4.009,4.131,8.141,0.000,0.000,60
152000,4.000,4.126,8.126,0.000,0.000,60
152500,4.049,4.004,8.052,0.000,0.000,60
153000,3.990,4.107,8.096,0.000,0.000,60
153500,3.990,4.107,8.096,0.000,0.000,60
154000,4.000,4.023,8.023,0.000,0.000,60
154500,4.029,3.994,8.023,0.000,0.000,60
155000,4.019,4.018,8.037,0.000,0.000,60
155500,3.990,4.121,8.111,0.000,0.000,60
156000,3.990,4.121,8.111,0.000,0.000,60
156500,4.019,4.004,8.023,0.000,0.000,60
157000,4.039,3.984,8.023,0.000,0.000,60
157500,3.990,4.018,8.008,0.000,0.000,60
158000,4.029,3.964,7.993,0.000,0.000,60
158500,4.039,3.954,7.993,0.000,0.000,60
159000,4.009,4.013,8.023,0.000,0.000,60
159500,4.039,3.969,8.008,0.000,0.000,60
160000,4.029,3.979,8.008,0.000,0.000,0
160500,4.058,4.097,8.155,0.000,0.000,0
161000,4.068,4.087,8.155,0.000,0.000,0
161500,4.068,4.102,8.170,0.000,0.000,0
162000,4.068,4.102,8.170,0.000,0.000,0
162500,4.078,4.092,8.170,0.000,0.000,0
163000,4.078,4.092,8.170,0.000,0.000,0
163500,4.078,4.107,8.185,0.000,0.000,0
164000,4.078,4.107,8.185,0.000,0.000,0
164500,4.078,4.107,8.185,0.000,0.000,0
165000,4.088,4.097,8.185,0.000,0.000,60
165500,4.078,4.107,8.185,0.000,0.000,60
166000,3.990,4.121,8.111,0.000,0.000,60
166500,4.049,3.974,8.023,0.000,0.000,60
167000,3.990,4.121,8.111,0.000,0.000,60
167500,3.990,4.077,8.067,0.000,0.000,60
168000,4.019,4.004,8.023,0.000,0.000,60
168500,3.990,4.107,8.096,0.000,0.000,60
169000,3.990,4.092,8.082,0.000,0.000,60
169500,4.039,3.954,7.993,0.000,0.000,60
170000,3.990,4.092,8.082,0.000,0.000,60
170500,3.990,4.062,8.052,0.000,0.000,60
171000,4.029,3.964,7.993,0.000,0.000,60
171500,3.980,4.117,8.096,0.000,0.000,60
172000,3.990,4.003,7.993,0.000,0.000,60
172500,4.009,4.028,8.037,0.000,0.000,60
173000,3.980,4.102,8.082,0.000,0.000,60
173500,4.019,3.974,7.993,0.000,0.000,60
174000,3.980,4.102,8.082,0.000,0.000,60
174500,3.980,4.058,8.037,0.000,0.000,60
175000,3.980,4.028,8.008,0.000,0.000,0
175500,4.058,4.082,8.141,0.000,0.000,0
176000,4.058,4.082,8.141,0.000,0.000,0
176500,4.068,4.087,8.155,0.000,0.000,0
177000,4.068,4.087,8.155,0.000,0.000,0
177500,4.068,4.087,8.155,0.000,0.000,0
178000,4.068,4.102,8.170,0.000,0.000,0
178500,4.068,4.102,8.170,0.000,0.000,0
179000,4.078,4.092,8.170,0.000,0.000,0
179500,4.078,4.092,8.170,0.000,0.000,0
180000,4.078,4.092,8.170,0.000,0.000,60
180500,4.078,4.077,8.155,0.000,0.000,60
181000,4.049,3.974,8.023,0.000,0.000,60
181500,4.049,3.974,8.023,0.000,0.000,60
182000,4.000,4.053,8.052,0.000,0.000,60
182500,3.980,4.087,8.067,0.000,0.000,60
183000,3.980,4.102,8.082,0.000,0.000,60
183500,4.009,3.999,8.008,0.000,0.000,60
184000,4.039,3.954,7.993,0.000,0.000,60
184500,4.019,3.974,7.993,0.000,0.000,60
185000,3.980,4.087,8.067,0.000,0.000,60
185500,4.019,3.974,7.993,0.000,0.000,60
186000,3.970,4.067,8.037,0.000,0.000,60
186500,3.980,4.102,8.082,0.000,0.000,60
187000,4.000,3.994,7.993,0.000,0.000,60
187500,4.009,3.969,7.978,0.000,0.000,60
188000,3.990,4.018,8.008,0.000,0.000,60
188500,3.970,4.097,8.067,0.000,0.000,60
189000,3.980,4.087,8.067,0.000,0.000,60
189500,4.029,3.935,7.964,0.000,0.000,60
190000,4.029,3.950,7.978,0.000,0.000,0
190500,4.049,4.077,8.126,0.000,0.000,0
191000,4.049,4.077,8.126,0.000,0.000,0
191500,4.058,4.082,8.141,0.000,0.000,0
192000,4.058,4.082,8.141,0.000,0.000,0
192500,4.058,4.082,8.141,0.000,0.000,0
193000,4.068,4.087,8.155,0.000,0.000,0
193500,4.058,4.097,8.155,0.000,0.000,0
194000,4.068,4.087,8.155,0.000,0.000,0
194500,4.068,4.087,8.155,0.000,0.000,0
195000,4.068,4.087,8.155,0.000,0.000,60
195500,4.049,4.107,8.155,0.000,0.000,60
196000,3.980,4.058,8.037,0.000,0.000,60
196500,4.009,4.013,8.023,0.000,0.000,60
197000,3.990,4.018,8.008,0.000,0.000,60
197500,4.039,3.954,7.993,0.000,0.000,60
198000,3.990,4.003,7.993,0.000,0.000,60
198500,4.009,3.999,8.008,0.000,0.000,60
199000,3.990,4.033,8.023,0.000,0.000,60
199500,4.009,3.999,8.008,0.000,0.000,60
200000,4.029,3.964,7.993,0.000,0.000,60
200500,3.990,3.989,7.978,0.000,0.000,60
201000,3.970,4.038,8.008,0.000,0.000,60
201500,4.019,3.945,7.964,0.000,0.000,60
202000,4.009,3.954,7.964,0.000,0.000,60
202500,4.000,3.994,7.993,0.000,0.000,60
203000,3.970,4.038,8.008,0.000,0.000,60
203500,4.009,3.969,7.978,0.000,0.000,60
204000,3.970,3.979,7.949,0.000,0.000,60
204500,4.019,3.945,7.964,0.000,0.000,60
205000,4.000,3.949,7.949,0.000,0.000,0
205500,4.039,4.072,8.111,0.000,0.000,0
206000,4.039,4.072,8.111,0.000,0.000,0
206500,4.049,4.077,8.126,0.000,0.000,0
207000,4.049,4.077,8.126,0.000,0.000,0
207500,4.049,4.077,8.126,0.000,0.000,0
208000,4.058,4.068,8.126,0.000,0.000,0
208500,4.058,4.082,8.141,0.000,0.000,0
209000,4.058,4.082,8.141,0.000,0.000,0
209500,4.058,4.082,8.141,0.000,0.000,0
210000,4.058,4.082,8.141,0.000,0.000,60
210500,4.058,4.068,8.126,0.000,0.000,60
211000,3.970,4.067,8.037,0.000,0.000,60
211500,3.970,4.097,8.067,0.000,0.000,60
212000,3.980,4.043,8.023,0.000,0.000,60
212500,3.990,3.989,7.978,0.000,0.000,60
213000,4.000,4.008,8.008,0.000,0.000,60
213500,3.990,3.989,7.978,0.000,0.000,60
214000,3.970,4.008,7.978,0.000,0.000,60
214500,4.009,3.969,7.978,0.000,0.000,60
215000,3.980,4.013,7.993,0.000,0.000,60
215500,3.980,3.984,7.964,0.000,0.000,60
216000,3.970,4.082,8.052,0.000,0.000,60
216500,4.019,3.930,7.949,0.000,0.000,60
217000,3.960,4.062,8.023,0.000,0.000,60
217500,4.009,3.954,7.964,0.000,0.000,60
218000,3.960,4.077,8.037,0.000,0.000,60
218500,4.000,3.949,7.949,0.000,0.000,60
219000,3.990,3.959,7.949,0.000,0.000,60
219500,3.941,4.067,8.008,0.000,0.000,60
220000,4.000,3.949,7.949,0.000,0.000,0
220500,4.029,4.053,8.082,0.000,0.000,0
221000,4.029,4.067,8.096,0.000,0.000,0
221500,4.039,4.072,8.111,0.000,0.000,0
222000,4.039,4.072,8.111,0.000,0.000,0
222500,4.039,4.072,8.111,0.000,0.000,0
223000,4.049,4.063,8.111,0.000,0.000,0
223500,4.049,4.077,8.126,0.000,0.000,0
224000,4.049,4.077,8.126,0.000,0.000,0
224500,4.049,4.077,8.126,0.000,0.000,0
225000,4.049,4.077,8.126,0.000,0.000,60
225500,4.039,4.087,8.126,0.000,0.000,60
226000,3.960,4.077,8.037,0.000,0.000,60
226500,3.970,4.082,8.052,0.000,0.000,60
227000,3.970,4.082,8.052,0.000,0.000,60
227500,3.960,4.062,8.023,0.000,0.000,60
228000,4.009,3.954,7.964,0.000,0.000,60
228500,4.019,3.945,7.964,0.000,0.000,60
229000,3.960,4.018,7.978,0.000,0.000,60
229500,4.000,3.949,7.949,0.000,0.000,60
230000,4.009,3.940,7.949,0.000,0.000,60
230500,3.980,3.984,7.964,0.000,0.000,60
231000,4.009,3.925,7.934,0.000,0.000,60
231500,3.951,4.057,8.008,0.000,0.000,60
232000,3.951,3.998,7.949,0.000,0.000,60
232500,3.951,4.072,8.023,0.000,0.000,60
233000,3.990,3.944,7.934,0.000,0.000,60
233500,3.941,4.082,8.023,0.000,0.000,60
234000,3.951,4.072,8.023,0.000,0.000,60
234500,3.941,4.067,8.008,0.000,0.000,60
235000,3.951,4.028,7.978,0.000,0.000,0
235500,4.019,4.048,8.067,0.000,0.000,0
236000,4.019,4.063,8.082,0.000,0.000,0
236500,4.029,4.053,8.082,0.000,0.000,0
237000,4.029,4.053,8.082,0.000,0.000,0
237500,4.029,4.067,8.096,0.000,0.000,0
238000,4.039,4.058,8.096,0.000,0.000,0
238500,4.039,4.058,8.096,0.000,0.000,0
239000,4.039,4.058,8.096,0.000,0.000,0
239500,4.039,4.058,8.096,0.000,0.000,0
240000,4.039,4.072,8.111,0.000,0.000,60
240500,4.049,4.033,8.082,0.000,0.000,60
241000,4.000,3.949,7.949,0.000,0.000,60
241500,3.960,4.077,8.037,0.000,0.000,60
242000,3.960,4.033,7.993,0.000,0.000,60
242500,3.951,4.087,8.037,0.000,0.000,60
243000,3.970,4.008,7.978,0.000,0.000,60
243500,3.941,4.082,8.023,0.000,0.000,60
244000,3.951,3.984,7.934,0.000,0.000,60
244500,4.009,3.925,7.934,0.000,0.000,60
245000,3.980,3.954,7.934,0.000,0.000,60
245500,3.941,4.067,8.008,0.000,0.000,60
246000,3.941,4.052,7.993,0.000,0.000,60
246500,3.941,3.993,7.934,0.000,0.000,60
247000,3.980,3.940,7.919,0.000,0.000,60
247500,3.951,3.954,7.905,0.000,0.000,60
248000,3.970,3.949,7.919,0.000,0.000,60
248500,3.931,4.062,7.993,0.000,0.000,60
249000,3.941,4.052,7.993,0.000,0.000,60
249500,3.941,4.067,8.008,0.000,0.000,60
250000,3.990,3.930,7.919,0.000,0.000,0
250500,4.009,4.043,8.052,0.000,0.000,0
251000,4.019,4.033,8.052,0.000,0.000,0
251500,4.019,4.048,8.067,0.000,0.000,0
252000,4.019,4.048,8.067,0.000,0.000,0
252500,4.019,4.048,8.067,0.000,0.000,0
253000,4.029,4.053,8.082,0.000,0.000,0
253500,4.029,4.053,8.082,0.000,0.000,0
254000,4.029,4.053,8.082,0.000,0.000,0
254500,4.029,4.053,8.082,0.000,0.000,0
255000,4.029,4.053,8.082,0.000,0.000,60
255500,4.029,4.038,8.067,0.000,0.000,60
256000,4.000,3.920,7.919,0.000,0.000,60
256500,3.951,4.043,7.993,0.000,0.000,60
257000,3.980,3.969,7.949,0.000,0.000,60
257500,3.941,4.082,8.023,0.000,0.000,60
258000,3.951,4.057,8.008,0.000,0.000,60
258500,3.990,3.915,7.905,0.000,0.000,60
259000,3.960,3.989,7.949,0.000,0.000,60
259500,3.931,4.003,7.934,0.000,0.000,60
260000,3.980,3.925,7.905,0.000,0.000,60
260500,3.960,3.944,7.905,0.000,0.000,60
261000,3.931,4.048,7.978,0.000,0.000,60
261500,3.960,3.974,7.934,0.000,0.000,60
262000,3.931,4.003,7.934,0.000,0.000,60
262500,3.941,3.979,7.919,0.000,0.000,60
263000,3.951,3.984,7.934,0.000,0.000,60
263500,3.931,3.974,7.905,0.000,0.000,60
264000,3.931,3.944,7.875,0.000,0.000,60
264500,3.921,4.028,7.949,0.000,0.000,60
265000,3.931,3.944,7.875,0.000,0.000,0
265500,4.000,4.023,8.023,0.000,0.000,0
266000,4.009,4.028,8.037,0.000,0.000,0
266500,4.009,4.028,8.037,0.000,0.000,0
267000,4.009,4.043,8.052,0.000,0.000,0
267500,4.009,4.043,8.052,0.000,0.000,0
268000,4.009,4.043,8.052,0.000,0.000,0
268500,4.019,4.033,8.052,0.000,0.000,0
269000,4.019,4.048,8.067,0.000,0.000,0
269500,4.019,4.048,8.067,0.000,0.000,0
270000,4.019,4.048,8.067,0.000,0.000,60
270500,4.019,4.033,8.052,0.000,0.000,60
271000,3.960,3.989,7.949,0.000,0.000,60
271500,3.960,4.003,7.964,0.000,0.000,60
272000,3.990,3.930,7.919,0.000,0.000,60
272500,3.931,4.003,7.934,0.000,0.000,60
273000,3.931,4.018,7.949,0.000,0.000,60
273500,3.931,4.048,7.978,0.000,0.000,60
274000,3.921,4.057,7.978,0.000,0.000,60
274500,3.960,3.930,7.890,0.000,0.000,60
275000,3.921,4.043,7.964,0.000,0.000,60
275500,3.921,4.057,7.978,0.000,0.000,60
276000,3.921,4.072,7.993,0.000,0.000,60
276500,3.931,4.048,7.978,0.000,0.000,60
277000,3.960,3.915,7.875,0.000,0.000,60
277500,3.980,3.910,7.890,0.000,0.000,60
278000,3.911,3.979,7.890,0.000,0.000,60
278500,3.980,3.895,7.875,0.000,0.000,60
279000,3.921,4.028,7.949,0.000,0.000,60
279500,3.911,4.052,7.964,0.000,0.000,60
280000,3.911,3.964,7.875,0.000,0.000,0
280500,3.990,4.018,8.008,0.000,0.000,0
281000,4.000,4.023,8.023,0.000,0.000,0
281500,4.000,4.023,8.023,0.000,0.000,0
282000,4.000,4.023,8.023,0.000,0.000,0
282500,4.000,4.038,8.037,0.000,0.000,0
283000,4.000,4.038,8.037,0.000,0.000,0
283500,4.009,4.028,8.037,0.000,0.000,0
284000,4.009,4.028,8.037,0.000,0.000,0
284500,4.009,4.043,8.052,0.000,0.000,0
285000,4.009,4.043,8.052,0.000,0.000,60
285500,4.000,4.053,8.052,0.000,0.000,60
286000,3.990,3.900,7.890,0.000,0.000,60
286500,3.931,4.003,7.934,0.000,0.000,60
287000,3.931,4.062,7.993,0.000,0.000,60
287500,3.931,3.959,7.890,0.000,0.000,60
288000,3.951,3.969,7.919,0.000,0.000,60
288500,3.921,4.013,7.934,0.000,0.000,60
289000,3.921,3.998,7.919,0.000,0.000,60
289500,3.970,3.905,7.875,0.000,0.000,60
290000,3.911,4.023,7.934,0.000,0.000,60
290500,3.941,3.935,7.875,0.000,0.000,60
291000,3.970,3.890,7.860,0.000,0.000,60
291500,3.911,3.993,7.905,0.000,0.000,60
292000,3.921,4.028,7.949,0.000,0.000,60
292500,3.911,3.993,7.905,0.000,0.000,60
293000,3.951,3.910,7.860,0.000,0.000,60
293500,3.911,4.023,7.934,0.000,0.000,60
294000,3.970,3.890,7.860,0.000,0.000,60
294500,3.960,3.885,7.846,0.000,0.000,60
295000,3.911,4.023,7.934,0.000,0.000,0
295500,3.980,4.013,7.993,0.000,0.000,0
296000,3.990,4.018,8.008,0.000,0.000,0
296500,3.990,4.018,8.008,0.000,0.000,0
297000,3.990,4.018,8.008,0.000,0.000,0
297500,4.000,4.023,8.023,0.000,0.000,0
298000,4.000,4.023,8.023,0.000,0.000,0
298500,4.000,4.023,8.023,0.000,0.000,0
299000,4.000,4.023,8.023,0.000,0.000,0
299500,4.000,4.023,8.023,0.000,0.000,0
300000,4.000,4.038,8.037,0.000,0.000,60
300500,3.990,3.974,7.964,0.000,0.000,60
301000,3.911,4.023,7.934,0.000,0.000,60
301500,3.970,3.905,7.875,0.000,0.000,60
302000,3.921,4.043,7.964,0.000,0.000,60
302500,3.980,3.895,7.875,0.000,0.000,60
303000,3.921,3.969,7.890,0.000,0.000,60
303500,3.921,3.969,7.890,0.000,0.000,60
304000,3.941,3.935,7.875,0.000,0.000,60
304500,3.911,4.038,7.949,0.000,0.000,60
305000,3.931,3.930,7.860,0.000,0.000,60
305500,3.941,3.905,7.846,0.000,0.000,60
306000,3.911,4.008,7.919,0.000,0.000,60
306500,3.960,3.885,7.846,0.000,0.000,60
307000,3.911,4.023,7.934,0.000,0.000,60
307500,3.902,4.003,7.905,0.000,0.000,60
308000,3.960,3.885,7.846,0.000,0.000,60
308500,3.921,3.910,7.831,0.000,0.000,60
309000,3.960,3.885,7.846,0.000,0.000,60
309500,3.951,3.925,7.875,0.000,0.000,60
310000,3.902,4.018,7.919,0.000,0.000,0
310500,3.980,3.999,7.978,0.000,0.000,0
311000,3.980,4.013,7.993,0.000,0.000,0
311500,3.980,4.013,7.993,0.000,0.000,0
312000,3.990,4.003,7.993,0.000,0.000,0
312500,3.990,4.003,7.993,0.000,0.000,0
313000,3.990,4.018,8.008,0.000,0.000,0
313500,3.990,4.018,8.008,0.000,0.000,0
314000,3.990,4.018,8.008,0.000,0.000,0
314500,3.990,4.018,8.008,0.000,0.000,0
315000,3.990,4.018,8.008,0.000,0.000,60
315500,4.000,3.994,7.993,0.000,0.000,60
316000,3.911,4.023,7.934,0.000,0.000,60
316500,3.970,3.905,7.875,0.000,0.000,60
317000,3.970,3.890,7.860,0.000,0.000,60
317500,3.911,4.023,7.934,0.000,0.000,60
318000,3.951,3.910,7.860,0.000,0.000,60
318500,3.911,3.979,7.890,0.000,0.000,60
319000,3.902,4.018,7.919,0.000,0.000,60
319500,3.931,3.944,7.875,0.000,0.000,60
320000,3.902,4.018,7.919,0.000,0.000,60
320500,3.960,3.871,7.831,0.000,0.000,60
321000,3.921,3.954,7.875,0.000,0.000,60
321500,3.911,3.920,7.831,0.000,0.000,60
322000,3.902,3.974,7.875,0.000,0.000,60
322500,3.902,4.018,7.919,0.000,0.000,60
323000,3.921,3.925,7.846,0.000,0.000,60
323500,3.941,3.905,7.846,0.000,0.000,60
324000,3.892,3.998,7.890,0.000,0.000,60
324500,3.931,3.900,7.831,0.000,0.000,60
325000,3.902,4.018,7.919,0.000,0.000,0
325500,3.970,3.994,7.964,0.000,0.000,0
326000,3.970,4.008,7.978,0.000,0.000,0
326500,3.980,3.999,7.978,0.000,0.000,0
327000,3.980,3.999,7.978,0.000,0.000,0
327500,3.980,3.999,7.978,0.000,0.000,0
328000,3.980,4.013,7.993,0.000,0.000,0
328500,3.980,4.013,7.993,0.000,0.000,0
329000,3.990,4.003,7.993,0.000,0.000,0
329500,3.990,4.003,7.993,0.000,0.000,0
330000,3.990,4.018,8.008,0.000,0.000,60
330500,3.970,4.038,8.008,0.000,0.000,60
331000,3.902,4.018,7.919,0.000,0.000,60
331500,3.902,4.047,7.949,0.000,0.000,60
332000,3.902,4.018,7.919,0.000,0.000,60
332500,3.902,4.018,7.919,0.000,0.000,60
333000,3.902,4.033,7.934,0.000,0.000,60
333500,3.892,3.998,7.890,0.000,0.000,60
334000,3.902,4.003,7.905,0.000,0.000,60
334500,3.931,3.900,7.831,0.000,0.000,60
335000,3.892,3.998,7.890,0.000,0.000,60
335500,3.921,3.910,7.831,0.000,0.000,60
336000,3.892,4.028,7.919,0.000,0.000,60
336500,3.892,4.013,7.905,0.000,0.000,60
337000,3.882,3.993,7.875,0.000,0.000,60
337500,3.921,3.910,7.831,0.000,0.000,60
338000,3.931,3.885,7.816,0.000,0.000,60
338500,3.902,3.929,7.831,0.000,0.000,60
339000,3.892,3.998,7.890,0.000,0.000,60
339500,3.941,3.876,7.816,0.000,0.000,60
340000,3.931,3.900,7.831,0.000,0.000,0
340500,3.960,3.989,7.949,0.000,0.000,0
341000,3.970,3.994,7.964,0.000,0.000,0
341500,3.970,3.994,7.964,0.000,0.000,0
342000,3.970,4.008,7.978,0.000,0.000,0
342500,3.970,4.008,7.978,0.000,0.000,0
343000,3.980,3.999,7.978,0.000,0.000,0
343500,3.980,3.999,7.978,0.000,0.000,0
344000,3.980,3.999,7.978,0.000,0.000,0
344500,3.980,4.013,7.993,0.000,0.000,0
345000,3.980,4.013,7.993,0.000,0.000,60
345500,3.980,3.984,7.964,0.000,0.000,60
346000,3.941,3.890,7.831,0.000,0.000,60
346500,3.902,4.018,7.919,0.000,0.000,60
347000,3.951,3.910,7.860,0.000,0.000,60
347500,3.951,3.895,7.846,0.000,0.000,60
348000,3.892,4.013,7.905,0.000,0.000,60
348500,3.951,3.895,7.846,0.000,0.000,60
349000,3.902,3.915,7.816,0.000,0.000,60
349500,3.892,3.998,7.890,0.000,0.000,60
350000,3.951,3.851,7.802,0.000,0.000,60
350500,3.941,3.905,7.846,0.000,0.000,60
351000,3.892,3.998,7.890,0.000,0.000,60
351500,3.882,3.964,7.846,0.000,0.000,60
352000,3.882,3.993,7.875,0.000,0.000,60
352500,3.931,3.885,7.816,0.000,0.000,60
353000,3.941,3.846,7.787,0.000,0.000,60
353500,3.902,3.915,7.816,0.000,0.000,60
354000,3.902,3.900,7.802,0.000,0.000,60
354500,3.882,3.993,7.875,0.000,0.000,60
355000,3.911,3.905,7.816,0.000,0.000,0
355500,3.960,3.989,7.949,0.000,0.000,0
356000,3.960,3.989,7.949,0.000,0.000,0
356500,3.960,3.989,7.949,0.000,0.000,0
357000,3.970,3.994,7.964,0.000,0.000,0
357500,3.970,3.994,7.964,0.000,0.000,0
358000,3.970,3.994,7.964,0.000,0.000,0
358500,3.970,3.994,7.964,0.000,0
.000,0
359000,3.970,3.994,7.964,0.000,0.000,0
359500,3.970,4.008,7.978,0.000,0.000,0
360000,3.970,4.008,7.978,0.000,0.000,60
360500,3.960,4.018,7.978,0.000,0.000,60
361000,3.911,3.934,7.846,0.000,0.000,60
361500,3.921,3.925,7.846,0.000,0.000,60
362000,3.951,3.866,7.816,0.000,0.000,60
362500,3.892,3.939,7.831,0.000,0.000,60
363000,3.921,3.939,7.860,0.000,0.000,60
363500,3.931,3.885,7.816,0.000,0.000,60
364000,3.892,3.925,7.816,0.000,0.000,60
364500,3.892,3.969,7.860,0.000,0.000,60
365000,3.882,4.008,7.890,0.000,0.000,60
365500,3.921,3.910,7.831,0.000,0.000,60
366000,3.882,3.993,7.875,0.000,0.000,60
366500,3.941,3.876,7.816,0.000,0.000,60
367000,3.882,3.949,7.831,0.000,0.000,60
367500,3.882,3.993,7.875,0.000,0.000,60
368000,3.882,4.008,7.890,0.000,0.000,60
368500,3.882,4.008,7.890,0.000,0.000,60
369000,3.941,3.861,7.802,0.000,0.000,60
369500,3.892,3.895,7.787,0.000,0.000,60
370000,3.911,3.875,7.787,0.000,0.000,0
370500,3.951,3.984,7.934,0.000,0.000,0
371000,3.960,3.974,7.934,0.000,0.000,0
371500,3.960,3.989,7.949,0.000,0.000,0
372000,3.960,3.989,7.949,0.000,0.000,0
372500,3.960,3.989,7.949,0.000,0.000,0
373000,3.960,3.989,7.949,0.000,0.000,0
373500,3.970,3.994,7.964,0.000,0.000,0
374000,3.970,3.994,7.964,0.000,0.000,0
374500,3.970,3.994,7.964,0.000,0.000,0
375000,3.970,3.994,7.964,0.000,0.000,60
375500,3.960,3.989,7.949,0.000,0.000,60
376000,3.872,3.988,7.860,0.000,0.000,60
376500,3.941,3.861,7.802,0.000,0.000,60
377000,3.892,3.925,7.816,0.000,0.000,60
377500,3.902,3.944,7.846,0.000,0.000,60
378000,3.892,3.954,7.846,0.000,0.000,60
378500,3.882,3.979,7.860,0.000,0.000,60
379000,3.902,3.900,7.802,0.000,0.000,60
379500,3.911,3.890,7.802,0.000,0.000,60
380000,3.902,3.885,7.787,0.000,0.000,60
380500,3.882,3.905,7.787,0.000,0.000,60
381000,3.902,3.885,7.787,0.000,0.000,60
381500,3.931,3.871,7.802,0.000,0.000,60
382000,3.931,3.841,7.772,0.000,0.000,60
382500,3.911,3.875,7.787,0.000,0.000,60
383000,3.921,3.866,7.787,0.000,0.000,60
383500,3.911,3.905,7.816,0.000,0.000,60
384000,3.872,3.988,7.860,0.000,0.000,60
384500,3.872,3.974,7.846,0.000,0.000,60
385000,3.872,3.900,7.772,0.000,0.000,0
385500,3.951,3.969,7.919,0.000,0.000,0
386000,3.951,3.984,7.934,0.000,0.000,0
386500,3.951,3.984,7.934,0.000,0.000,0
387000,3.951,3.984,7.934,0.000,0.000,0
387500,3.960,3.974,7.934,0.000,0.000,0
388000,3.960,3.989,7.949,0.000,0.000,0
388500,3.960,3.989,7.949,0.000,0.000,0
389000,3.960,3.989,7.949,0.000,0.000,0
389500,3.960,3.989,7.949,0.000,0.000,0
390000,3.960,3.989,7.949,0.000,0.000,60
390500,3.960,3.974,7.934,0.000,0.000,60
391000,3.902,3.885,7.787,0.000,0.000,60
391500,3.882,4.008,7.890,0.000,0.000,60
392000,3.882,3.993,7.875,0.000,0.000,60
392500,3.892,3.895,7.787,0.000,0.000,60
393000,3.921,3.880,7.802,0.000,0.000,60
393500,3.911,3.905,7.816,0.000,0.000,60
394000,3.892,3.984,7.875,0.000,0.000,60
394500,3.931,3.856,7.787,0.000,0.000,60
395000,3.892,3.925,7.816,0.000,0.000,60
395500,3.921,3.866,7.787,0.000,0.000,60
396000,3.911,3.875,7.787,0.000,0.000,60
396500,3.872,3.959,7.831,0.000,0.000,60
397000,3.882,3.993,7.875,0.000,0.000,60
397500,3.921,3.866,7.787,0.000,0.000,60
398000,3.921,3.866,7.787,0.000,0.000,60
398500,3.882,3.920,7.802,0.000,0.000,60
399000,3.872,3.885,7.757,0.000,0.000,60
399500,3.921,3.851,7.772,0.000,0.000,60
400000,3.872,3.900,7.772,0.000,0.000,0
400500,3.941,3.964,7.905,0.000,0.000,0
401000,3.951,3.969,7.919,0.000,0.000,0
401500,3.951,3.969,7.919,0.000,0.000,0
402000,3.951,3.969,7.919,0.000,0.000,0
402500,3.951,3.984,7.934,0.000,0.000,0
403000,3.951,3.984,7.934,0.000,0.000,0
403500,3.951,3.984,7.934,0.000,0.000,0
404000,3.960,3.974,7.934,0.000,0.000,0
404500,3.960,3.989,7.949,0.000,0.000,0
405000,3.960,3.974,7.934,0.000,0.000,60
405500,3.941,3.979,7.919,0.000,0.000,60
406000,3.892,3.880,7.772,0.000,0.000,60
406500,3.931,3.856,7.787,0.000,0.000,60
407000,3.882,3.993,7.875,0.000,0.000,60
407500,3.882,3.993,7.875,0.000,0.000,60
408000,3.931,3.856,7.787,0.000,0.000,60
408500,3.872,3.988,7.860,0.000,0.000,60
409000,3.902,3.900,7.802,0.000,0.000,60
409500,3.892,3.895,7.787,0.000,0.000,60
410000,3.911,3.875,7.787,0.000,0.000,60
410500,3.862,3.954,7.816,0.000,0.000,60
411000,3.872,3.900,7.772,0.000,0.000,60
411500,3.921,3.866,7.787,0.000,0.000,60
412000,3.872,3.988,7.860,0.000,0.000,60
412500,3.872,3.974,7.846,0.000,0.000,60
413000,3.902,3.870,7.772,0.000,0.000,60
413500,3.853,3.978,7.831,0.000,0.000,60
414000,3.853,3.934,7.787,0.000,0.000,60
414500,3.902,3.856,7.757,0.000,0.000,60
415000,3.872,3.915,7.787,0.000,0.000,0
415500,3.941,3.964,7.905,0.000,0.000,0
416000,3.941,3.964,7.905,0.000,0.000,0
416500,3.941,3.964,7.905,0.000,0.000,0
417000,3.941,3.979,7.919,0.000,0.000,0
417500,3.951,3.969,7.919,0.000,0.000,0
418000,3.951,3.969,7.919,0.000,0.000,0
418500,3.951,3.984,7.934,0.000,0.000,0
419000,3.951,3.984,7.934,0.000,0.000,0
419500,3.951,3.984,7.934,0.000,0.000,0
420000,3.951,3.984,7.934,0.000,0.000,60
420500,3.941,3.964,7.905,0.000,0.000,60
421000,3.862,3.895,7.757,0.000,0.000,60
421500,3.921,3.866,7.787,0.000,0.000,60
422000,3.872,3.974,7.846,0.000,0.000,60
422500,3.911,3.875,7.787,0.000,0.000,60
423000,3.862,3.969,7.831,0.000,0.000,60
423500,3.921,3.880,7.802,0.000,0.000,60
424000,3.921,3.836,7.757,0.000,0.000,60
424500,3.862,3.969,7.831,0.000,0.000,60
425000,3.872,3.885,7.757,0.000,0.000,60
425500,3.892,3.866,7.757,0.000,0.000,60
426000,3.921,3.836,7.757,0.000,0.000,60
426500,3.911,3.890,7.802,0.000,0.000,60
427000,3.911,3.861,7.772,0.000,0.000,60
427500,3.892,3.880,7.772,0.000,0.000,60
428000,3.902,3.856,7.757,0.000,0.000,60
428500,3.882,3.875,7.757,0.000,0.000,60
429000,3.892,3.880,7.772,0.000,0.000,60
429500,3.902,3.870,7.772,0.000,0.000,60
430000,3.882,3.890,7.772,0.000,0.000,0
430500,3.931,3.959,7.890,0.000,0.000,0
431000,3.931,3.959,7.890,0.000,0.000,0
431500,3.941,3.964,7.905,0.000,0.000,0
432000,3.941,3.964,7.905,0.000,0.000,0
432500,3.941,3.964,7.905,0.000,0.000,0
433000,3.941,3.964,7.905,0.000,0.000,0
433500,3.941,3.979,7.919,0.000,0.000,0
434000,3.941,3.979,7.919,0.000,0.000,0
434500,3.951,3.969,7.919,0.000,0.000,0
435000,3.951,3.969,7.919,0.000,0.000,60
435500,3.921,3.984,7.905,0.000,0.000,60
436000,3.902,3.856,7.757,0.000,0.000,60
436500,3.862,3.954,7.816,0.000,0.000,60
437000,3.902,3.885,7.787,0.000,0.000,60
437500,3.862,3.969,7.831,0.000,0.000,60
438000,3.862,3.924,7.787,0.000,0.000,60
438500,3.872,3.929,7.802,0.000,0.000,60
439000,3.862,3.983,7.846,0.000,0.000,60
439500,3.872,3.915,7.787,0.000,0.000,60
440000,3.862,3.983,7.846,0.000,0.000,60
440500,3.862,3.910,7.772,0.000,0.000,60
441000,3.853,3.964,7.816,0.000,0.000,60
441500,3.853,3.964,7.816,0.000,0.000,60
442000,3.853,3.964,7.816,0.000,0.000,60
442500,3.853,3.978,7.831,0.000,0.000,60
443000,3.911,3.831,7.743,0.000,0.000,60
443500,3.892,3.866,7.757,0.000,0.000,60
444000,3.892,3.851,7.743,0.000,0.000,60
444500,3.882,3.875,7.757,0.000,0.000,60
445000,3.902,3.841,7.743,0.000,0.000,0
445500,3.921,3.954,7.875,0.000,0.000,0
446000,3.931,3.959,7.890,0.000,0.000,0
446500,3.931,3.959,7.890,0.000,0.000,0
447000,3.931,3.959,7.890,0.000,0.000,0
447500,3.931,3.974,7.905,0.000,0.000,0
448000,3.941,3.964,7.905,0.000,0.000,0
448500,3.941,3.964,7.905,0.000,0.000,0
449000,3.941,3.964,7.905,0.000,0.000,0
449500,3.941,3.964,7.905,0.000,0.000,0
450000,3.941,3.964,7.905,0.000,0.000,60
450500,3.941,3.949,7.890,0.000,0.000,60
451000,3.902,3.856,7.757,0.000,0.000,60
451500,3.921,3.836,7.757,0.000,0.000,60
452000,3.882,3.875,7.757,0.000,0.000,60
452500,3.853,3.964,7.816,0.000,0.000,60
453000,3.853,3.964,7.816,0.000,0.000,60
453500,3.911,3.846,7.757,0.000,0.000,60
454000,3.853,3.949,7.802,0.000,0.000,60
454500,3.853,3.978,7.831,0.000,0.000,60
455000,3.853,3.905,7.757,0.000,0.000,60
455500,3.911,3.831,7.743,0.000,0.000,60
456000,3.882,3.875,7.757,0.000,0.000,60
456500,3.853,3.978,7.831,0.000,0.000,60
457000,3.902,3.826,7.728,0.000,0.000,60
457500,3.902,3.841,7.743,0.000,0.000,60
458000,3.853,3.875,7.728,0.000,0.000,60
458500,3.892,3.836,7.728,0.000,0.000,60
459000,3.862,3.865,7.728,0.000,0.000,60
459500,3.902,3.856,7.757,0.000,0.000,60
460000,3.853,3.890,7.743,0.000,0.000,0
460500,3.921,3.939,7.860,0.000,0.000,0
461000,3.921,3.954,7.875,0.000,0.000,0
461500,3.931,3.944,7.875,0.000,0.000,0
462000,3.931,3.944,7.875,0.000,0.000,0
462500,3.931,3.959,7.890,0.000,0.000,0
463000,3.931,3.959,7.890,0.000,0.000,0
463500,3.931,3.959,7.890,0.000,0.000,0
464000,3.931,3.959,7.890,0.000,0.000,0
464500,3.931,3.959,7.890,0.000,0.000,0
465000,3.941,3.964,7.905,0.000,0.000,60
465500,3.941,3.949,7.890,0.000,0.000,60
466000,3.833,3.983,7.816,0.000,0.000,60
466500,3.843,3.929,7.772,0.000,0.000,60
467000,3.853,3.964,7.816,0.000,0.000,60
467500,3.862,3.880,7.743,0.000,0.000,60
468000,3.853,3.978,7.831,0.000,0.000,60
468500,3.892,3.836,7.728,0.000,0.000,60
469000,3.882,3.861,7.743,0.000,0.000,60
469500,3.853,3.964,7.816,0.000,0.000,60
470000,3.862,3.865,7.728,0.000,0.000,60
470500,3.892,3.851,7.743,0.000,0.000,60
471000,3.872,3.856,7.728,0.000,0.000,60
471500,3.843,3.959,7.802,0.000,0.000,60
472000,3.862,3.939,7.802,0.000,0.000,60
472500,3.872,3.870,7.743,0.000,0.000,60
473000,3.882,3.846,7.728,0.000,0.000,60
473500,3.843,3.944,7.787,0.000,0.000,60
474000,3.843,3.929,7.772,0.000,0.000,60
474500,3.843,3.944,7.787,0.000,0.000,60
475000,3.843,3.959,7.802,0.000,0.000,0
475500,3.921,3.939,7.860,0.000,0.000,0
476000,3.921,3.939,7.860,0.000,0.000,0
476500,3.921,3.939,7.860,0.000,0.000,0
477000,3.921,3.954,7.875,0.000,0.000,0
477500,3.921,3.954,7.875,0.000,0.000,0
478000,3.921,3.954,7.875,0.000,0.000,0
478500,3.931,3.944,7.875,0.000,0.000,0
479000,3.931,3.959,7.890,0.000,0.000,0
479500,3.931,3.959,7.890,0.000,0.000,0
480000,3.931,3.959,7.890,0.000,0.000,60
480500,3.931,3.944,7.875,0.000,0.000,60
481000,3.902,3.826,7.728,0.000,0.000,60
481500,3.853,3.964,7.816,0.000,0.000,60
482000,3.843,3.959,7.802,0.000,0.000,60
482500,3.872,3.870,7.743,0.000,0.000,60
483000,3.872,3.856,7.728,0.000,0.000,60
483500,3.892,3.836,7.728,0.000,0.000,60
484000,3.843,3.885,7.728,0.000,0.000,60
484500,3.882,3.831,7.713,0.000,0.000,60
485000,3.872,3.870,7.743,0.000,0.000,60
485500,3.902,3.811,7.713,0.000,0.000,60
486000,3.843,3.944,7.787,0.000,0.000,60
486500,3.853,3.861,7.713,0.000,0.000,60
487000,3.843,3.900,7.743,0.000,0.000,60
487500,3.882,3.846,7.728,0.000,0.000,60
488000,3.892,3.836,7.728,0.000,0.000,60
488500,3.892,3.821,7.713,0.000,0.000,60
489000,3.892,3.807,7.698,0.000,0.000,60
489500,3.853,3.890,7.743,0.000,0.000,60
490000,3.892,3.821,7.713,0.000,0.000,0
490500,3.911,3.934,7.846,0.000,0.000,0
491000,3.911,3.949,7.860,0.000,0.000,0
491500,3.921,3.939,7.860,0.000,0.000,0
492000,3.921,3.939,7.860,0.000,0.000,0
492500,3.921,3.939,7.860,0.000,0.000,0
493000,3.921,3.939,7.860,0.000,0.000,0
493500,3.921,3.954,7.875,0.000,0.000,0
494000,3.921,3.954,7.875,0.000,0.000,0
494500,3.931,3.944,7.875,0.000,0.000,0
495000,3.921,3.954,7.875,0.000,0.000,60
495500,3.921,3.939,7.860,0.000,0.000,60
496000,3.843,3.900,7.743,0.000,0.000,60
496500,3.882,3.861,7.743,0.000,0.000,60
497000,3.862,3.865,7.728,0.000,0.000,60
497500,3.902,3.826,7.728,0.000,0.000,60
498000,3.902,3.841,7.743,0.000,0.000,60
498500,3.833,3.924,7.757,0.000,0.000,60
499000,3.833,3.954,7.787,0.000,0.000,60
499500,3.843,3.959,7.802,0.000,0.000,60
500000,3.843,3.870,7.713,0.000,0.000,60
500500,3.833,3.954,7.787,0.000,0.000,60
501000,3.833,3.954,7.787,0.000,0.000,60
501500,3.843,3.915,7.757,0.000,0.000,60
502000,3.892,3.821,7.713,0.000,0.000,60
502500,3.882,3.831,7.713,0.000,0.000,60
503000,3.892,3.807,7.698,0.000,0.000,60
503500,3.882,3.831,7.713,0.000,0.000,60
504000,3.882,3.816,7.698,0.000,0.000,60
504500,3.843,3.856,7.698,0.000,0.000,60
505000,3.882,3.816,7.698,0.000,0.000,0
505500,3.902,3.929,7.831,0.000,0.000,0
506000,3.911,3.934,7.846,0.000,0.000,0
506500,3.911,3.934,7.846,0.000,0.000,0
507000,3.911,3.934,7.846,0.000,0.000,0
507500,3.911,3.949,7.860,0.000,0.000,0
508000,3.921,3.939,7.860,0.000,0.000,0
508500,3.921,3.939,7.860,0.000,0.000,0
509000,3.921,3.939,7.860,0.000,0.000,0
509500,3.921,3.939,7.860,0.000,0.000,0
510000,3.921,3.939,7.860,0.000,0.000,60
510500,3.921,3.939,7.860,0.000,0.000,60
511000,3.843,3.856,7.698,0.000,0.000,60
511500,3.843,3.944,7.787,0.000,0.000,60
512000,3.862,3.895,7.757,0.000,0.000,60
512500,3.862,3.880,7.743,0.000,0.000,60
513000,3.843,3.870,7.713,0.000,0.000,60
513500,3.833,3.954,7.787,0.000,0.000,60
514000,3.833,3.910,7.743,0.000,0.000,60
514500,3.843,3.944,7.787,0.000,0.000,60
515000,3.882,3.816,7.698,0.000,0.000,60
515500,3.853,3.861,7.713,0.000,0.000,60
516000,3.872,3.826,7.698,0.000,0.000,60
516500,3.833,3.924,7.757,0.000,0.000,60
517000,3.833,3.865,7.698,0.000,0.000,60
517500,3.833,3.895,7.728,0.000,0.000,60
518000,3.853,3.846,7.698,0.000,0.000,60
518500,3.813,3.959,7.772,0.000,0.000,60
519000,3.843,3.870,7.713,0.000,0.000,60
519500,3.823,3.934,7.757,0.000,0.000,60
520000,3.823,3.934,7.757,0.000,0.000,0
520500,3.902,3.929,7.831,0.000,0.000,0
521000,3.902,3.929,7.831,0.000,0.000,0
521500,3.902,3.929,7.831,0.000,0.000,0
522000,3.911,3.934,7.846,0.000,0.000,0
522500,3.911,3.934,7.846,0.000,0.000,0
523000,3.911,3.934,7.846,0.000,0.000,0
523500,3.911,3.934,7.846,0.000,0.000,0
524000,3.911,3.934,7.846,0.000,0.000,0
524500,3.911,3.949,7.860,0.000,0.000,0
525000,3.911,3.949,7.860,0.000,0.000,60
525500,3.902,3.959,7.860,0.000,0.000,60
526000,3.882,3.787,7.669,0.000,0.000,60
526500,3.892,3.821,7.713,0.000,0.000,60
527000,3.872,3.841,7.713,0.000,0.000,60
527500,3.843,3.856,7.698,0.000,0.000,60
528000,3.833,3.954,7.787,0.000,0.000,60
528500,3.823,3.964,7.787,0.000,0.000,60
529000,3.833,3.954,7.787,0.000,0.000,60
529500,3.853,3.890,7.743,0.000,0.000,60
530000,3.882,3.802,7.684,0.000,0.000,60
530500,3.882,3.802,7.684,0.000,0.000,60
531000,3.882,3.831,7.713,0.000,0.000,60
531500,3.823,3.949,7.772,0.000,0.000,60
532000,3.823,3.919,7.743,0.000,0.000,60
532500,3.882,3.802,7.684,0.000,0.000,60
533000,3.862,3.821,7.684,0.000,0.000,60
533500,3.813,3.944,7.757,0.000,0.000,60
534000,3.833,3.880,7.713,0.000,0.000,60
534500,3.862,3.821,7.684,0.000,0.000,60
535000,3.862,3.806,7.669,0.000,0.000,0
535500,3.902,3.915,7.816,0.000,0.000,0
536000,3.902,3.929,7.831,0.000,0.000,0
536500,3.902,3.929,7.831,0.000,0.000,0
537000,3.902,3.929,7.831,0.000,0.000,0
537500,3.902,3.929,7.831,0.000,0.000,0
538000,3.902,3.929,7.831,0.000,0.000,0
538500,3.902,3.944,7.846,0.000,0.000,0
539000,3.911,3.934,7.846,0.000,0.000,0
539500,3.911,3.934,7.846,0.000,0.000,0
540000,3.911,3.934,7.846,0.000,0.000,60
540500,3.902,3.929,7.831,0.000,0.000,60
541000,3.813,3.885,7.698,0.000,0.000,60
541500,3.833,3.954,7.787,0.000,0.000,60
542000,3.853,3.846,7.698,0.000,0.000,60
542500,3.882,3.816,7.698,0.000,0.000,60
543000,3.843,3.929,7.772,0.000,0.000,60
543500,3.823,3.905,7.728,0.000,0.000,60
544000,3.823,3.949,7.772,0.000,0.000,60
544500,3.882,3.802,7.684,0.000,0.000,60
545000,3.853,3.846,7.698,0.000,0.000,60
545500,3.823,3.949,7.772,0.000,0.000,60
546000,3.823,3.905,7.728,0.000,0.000,60
546500,3.862,3.836,7.698,0.000,0.000,60
547000,3.843,3.826,7.669,0.000,0.000,60
547500,3.843,3.826,7.669,0.000,0.000,60
548000,3.823,3.934,7.757,0.000,0.000,60
548500,3.803,3.954,7.757,0.000,0.000,60
549000,3.833,3.836,7.669,0.000,0.000,60
549500,3.843,3.826,7.669,0.000,0.000,60
550000,3.813,3.944,7.757,0.000,0.000,0
550500,3.892,3.910,7.802,0.000,0.000,0
551000,3.892,3.925,7.816,0.000,0.000,0
551500,3.892,3.925,7.816,0.000,0.000,0
552000,3.902,3.915,7.816,0.000,0.000,0
552500,3.902,3.929,7.831,0.000,0.000,0
553000,3.902,3.929,7.831,0.000,0.000,0
553500,3.902,3.929,7.831,0.000,0.000,0
554000,3.902,3.929,7.831,0.000,0.000,0
554500,3.902,3.929,7.831,0.000,0.000,0
555000,3.902,3.929,7.831,0.000,0.000,60
555500,3.892,3.925,7.816,0.000,0.000,60
556000,3.872,3.811,7.684,0.000,0.000,60
556500,3.833,3.895,7.728,0.000,0.000,60
557000,3.872,3.811,7.684,0.000,0.000,60
557500,3.813,3.929,7.743,0.000,0.000,60
558000,3.882,3.787,7.669,0.000,0.000,60
558500,3.823,3.934,7.757,0.000,0.000,60
559000,3.823,3.905,7.728,0.000,0.000,60
559500,3.813,3.900,7.713,0.000,0.000,60
560000,3.872,3.797,7.669,0.000,0.000,60
560500,3.843,3.856,7.698,0.000,0.000,60
561000,3.843,3.841,7.684,0.000,0.000,60
561500,3.813,3.929,7.743,0.000,0.000,60
562000,3.813,3.914,7.728,0.000,0.000,60
562500,3.813,3.944,7.757,0.000,0.000,60
563000,3.862,3.792,7.654,0.000,0.000,60
563500,3.823,3.846,7.669,0.000,0.000,60
564000,3.862,3.806,7.669,0.000,0.000,60
564500,3.862,3.792,7.654,0.000,0.000,60
565000,3.803,3.924,7.728,0.000,0.000,0
565500,3.892,3.910,7.802,0.000,0.000,0
566000,3.892,3.910,7.802,0.000,0.000,0
566500,3.892,3.910,7.802,0.000,0.000,0
567000,3.892,3.925,7.816,0.000,0.000,0
567500,3.892,3.925,7.816,0.000,0.000,0
568000,3.892,3.925,7.816,0.000,0.000,0
568500,3.902,3.915,7.816,0.000,0.000,0
569000,3.902,3.915,7.816,0.000,0.000,0
569500,3.902,3.915,7.816,0.000,0.000,0
570000,3.902,3.929,7.831,0.000,0.000,60
570500,3.892,3.925,7.816,0.000,0.000,60
571000,3.803,3.910,7.713,0.000,0.000,60
571500,3.823,3.934,7.757,0.000,0.000,60
572000,3.862,3.836,7.698,0.000,0.000,60
572500,3.813,3.855,7.669,0.000,0.000,60
573000,3.872,3.811,7.684,0.000,0.000,60
573500,3.813,3.914,7.728,0.000,0.000,60
574000,3.813,3.900,7.713,0.000,0.000,60
574500,3.872,3.811,7.684,0.000,0.000,60
575000,3.853,3.816,7.669,0.000,0.000,60
575500,3.803,3.880,7.684,0.000,0.000,60
576000,3.803,3.910,7.713,0.000,0.000,60
576500,3.843,3.826,7.669,0.000,0.000,60
577000,3.803,3.924,7.728,0.000,0.000,60
577500,3.833,3.865,7.698,0.000,0.000,60
578000,3.813,3.929,7.743,0.000,0.000,60
578500,3.843,3.811,7.654,0.000,0.000,60
579000,3.813,3.929,7.743,0.000,0.000,60
579500,3.813,3.870,7.684,0.000,0.000,60
580000,3.853,3.802,7.654,0.000,0.000,0
580500,3.882,3.905,7.787,0.000,0.000,0
581000,3.882,3.920,7.802,0.000,0.000,0
581500,3.882,3.920,7.802,0.000,0.000,0
582000,3.882,3.920,7.802,0.000,0.000,0
582500,3.892,3.910,7.802,0.000,0.000,0
583000,3.892,3.910,7.802,0.000,0.000,0
583500,3.892,3.925,7.816,0.000,0.000,0
584000,3.892,3.925,7.816,0.000,0.000,0
584500,3.892,3.925,7.816,0.000,0.000,0
585000,3.892,3.925,7.816,0.000,0.000,60
585500,3.892,3.910,7.802,0.000,0.000,60
586000,3.843,3.738,7.580,0.000,0.000,60
586500,3.862,3.806,7.669,0.000,0.000,60
587000,3.853,3.831,7.684,0.000,0.000,60
587500,3.823,3.919,7.743,0.000,0.000,60
588000,3.853,3.816,7.669,0.000,0.000,60
588500,3.853,3.816,7.669,0.000,0.000,60
589000,3.872,3.797,7.669,0.000,0.000,60
589500,3.813,3.929,7.743,0.000,0.000,60
590000,3.813,3.841,7.654,0.000,0.000,60
590500,3.813,3.929,7.743,0.000,0.000,60
591000,3.862,3.806,7.669,0.000,0.000,60
591500,3.853,3.802,7.654,0.000,0.000,60
592000,3.803,3.910,7.713,0.000,0.000,60
592500,3.803,3.924,7.728,0.000,0.000,60
593000,3.803,3.910,7.713,0.000,0.000,60
593500,3.803,3.895,7.698,0.000,0.000,60
594000,3.803,3.924,7.728,0.000,0.000,60
594500,3.853,3.787,7.639,0.000,0.000,60
595000,3.803,3.924,7.728,0.000,0.000,0
595500,3.882,3.905,7.787,0.000,0.000,0
596000,3.882,3.905,7.787,0.000,0.000,0
596500,3.882,3.905,7.787,0.000,0.000,0
597000,3.882,3.905,7.787,0.000,0.000,0
597500,3.882,3.920,7.802,0.000,0.000,0
598000,3.882,3.920,7.802,0.000,0.000,0
598500,3.892,3.910,7.802,0.000,0.000,0
599000,3.892,3.910,7.802,0.000,0.000,0
599500,3.892,3.910,7.802,0.000,0.000,0
600000,3.892,3.910,7.802,0.000,0.000,60
600500,3.882,3.934,7.816,0.000,0.000,60
601000,3.794,3.919,7.713,0.000,0.000,60
601500,3.813,3.885,7.698,0.000,0.000,60
602000,3.862,3.806,7.669,0.000,0.000,60
602500,3.833,3.821,7.654,0.000,0.000,60
603000,3.813,3.885,7.698,0.000,0.000,60
603500,3.803,3.910,7.713,0.000,0.000,60
604000,3.803,3.910,7.713,0.000,0.000,60
604500,3.803,3.939,7.743,0.000,0.000,60
605000,3.853,3.802,7.654,0.000,0.000,60
605500,3.803,3.924,7.728,0.000,0.000,60
606000,3.813,3.826,7.639,0.000,0.000,60
606500,3.794,3.905,7.698,0.000,0.000,60
607000,3.803,3.924,7.728,0.000,0.000,60
607500,3.803,3.910,7.713,0.000,0.000,60
608000,3.794,3.934,7.728,0.000,0.000,60
608500,3.794,3.905,7.698,0.000,0.000,60
609000,3.833,3.806,7.639,0.000,0.000,60
609500,3.853,3.772,7.625,0.000,0.000,60
610000,3.853,3.772,7.625,0.000,0.000,0
610500,3.872,3.900,7.772,0.000,0.000,0
611000,3.872,3.900,7.772,0.000,0.000,0
611500,3.882,3.905,7.787,0.000,0.000,0
612000,3.882,3.905,7.787,0.000,0.000,0
612500,3.882,3.905,7.787,0.000,0.000,0
613000,3.882,3.905,7.787,0.000,0.000,0
613500,3.882,3.905,7.787,0.000,0.000,0
614000,3.882,3.920,7.802,0.000,0.000,0
614500,3.882,3.920,7.802,0.000,0.000,0
615000,3.882,3.920,7.802,0.000,0.000,60
615500,3.882,3.905,7.787,0.000,0.000,60
616000,3.774,3.880,7.654,0.000,0.000,60
616500,3.862,3.792,7.654,0.000,0.000,60
617000,3.803,3.910,7.713,0.000,0.000,60
617500,3.803,3.895,7.698,0.000,0.000,60
618000,3.803,3.910,7.713,0.000,0.000,60
618500,3.833,3.821,7.654,0.000,0.000,60
619000,3.794,3.890,7.684,0.000,0.000,60
619500,3.823,3.816,7.639,0.000,0.000,60
620000,3.823,3.816,7.639,0.000,0.000,60
620500,3.803,3.924,7.728,0.000,0.000,60
621000,3.803,3.924,7.728,0.000,0.000,60
621500,3.813,3.811,7.625,0.000,0.000,60
622000,3.823,3.831,7.654,0.000,0.000,60
622500,3.794,3.919,7.713,0.000,0.000,60
623000,3.803,3.821,7.625,0.000,0.000,60
623500,3.794,3.890,7.684,0.000,0.000,60
624000,3.794,3.919,7.713,0.000,0.000,60
624500,3.794,3.875,7.669,0.000,0.000,60
625000,3.843,3.782,7.625,0.000,0.000,0
625500,3.862,3.895,7.757,0.000,0.000,0
626000,3.872,3.900,7.772,0.000,0.000,0
626500,3.872,3.900,7.772,0.000,0.000,0
627000,3.872,3.900,7.772,0.000,0.000,0
627500,3.872,3.900,7.772,0.000,0.000,0
628000,3.882,3.905,7.787,0.000,0.000,0
628500,3.882,3.905,7.787,0.000,0.000,0
629000,3.882,3.905,7.787,0.000,0.000,0
629500,3.882,3.905,7.787,0.000,0.000,0
630000,3.882,3.905,7.787,0.000,0.000,60
630500,3.882,3.905,7.787,0.000,0.000,60
631000,3.764,3.919,7.684,0.000,0.000,60
631500,3.803,3.910,7.713,0.000,0.000,60
632000,3.853,3.816,7.669,0.000,0.000,60
632500,3.823,3.905,7.728,0.000,0.000,60
633000,3.794,3.846,7.639,0.000,0.000,60
633500,3.853,3.787,7.639,0.000,0.000,60
634000,3.803,3.880,7.684,0.000,0.000,60
634500,3.794,3.875,7.669,0.000,0.000,60
635000,3.784,3.929,7.713,0.000,0.000,60
635500,3.794,3.919,7.713,0.000,0.000,60
636000,3.794,3.831,7.625,0.000,0.000,60
636500,3.784,3.900,7.684,0.000,0.000,60
637000,3.853,3.772,7.625,0.000,0.000,60
637500,3.803,3.880,7.684,0.000,0.000,60
638000,3.803,3.880,7.684,0.000,0.000,60
638500,3.813,3.811,7.625,0.000,0.000,60
639000,3.803,3.806,7.610,0.000,0.000,60
639500,3.843,3.797,7.639,0.000,0.000,60
640000,3.784,3.885,7.669,0.000,0.000,0
640500,3.862,3.895,7.757,0.000,0.000,0
641000,3.862,3.895,7.757,0.000,0.000,0
641500,3.872,3.900,7.772,0.000,0.000,0
642000,3.872,3.900,7.772,0.000,0.000,0
642500,3.872,3.900,7.772,0.000,0.000,0
643000,3.872,3.900,7.772,0.000,0.000,0
643500,3.872,3.900,7.772,0.000,0.000,0
644000,3.872,3.900,7.772,0.000,0.000,0
644500,3.872,3.915,7.787,0.000,0.000,0
645000,3.872,3.915,7.787,0.000,0.000,60
645500,3.872,3.885,7.757,0.000,0.000,60
646000,3.853,3.713,7.566,0.000,0.000,60
646500,3.833,3.806,7.639,0.000,0.000,60
647000,3.794,3.919,7.713,0.000,0.000,60
647500,3.853,3.772,7.625,0.000,0.000,60
648000,3.823,3.831,7.654,0.000,0.000,60
648500,3.823,3.816,7.639,0.000,0.000,60
649000,3.794,3.919,7.713,0.000,0.000,60
649500,3.803,3.806,7.610,0.000,0.000,60
650000,3.833,3.792,7.625,0.000,0.000,60
650500,3.823,3.801,7.625,0.000,0.000,60
651000,3.833,3.806,7.639,0.000,0.000,60
651500,3.784,3.870,7.654,0.000,0.000,60
652000,3.784,3.914,7.698,0.000,0.000,60
652500,3.784,3.885,7.669,0.000,0.000,60
653000,3.813,3.826,7.639,0.000,0.000,60
653500,3.784,3.900,7.684,0.000,0.000,60
654000,3.784,3.900,7.684,0.000,0.000,60
654500,3.803,3.836,7.639,0.000,0.000,60
655000,3.784,3.885,7.669,0.000,0.000,0
655500,3.862,3.880,7.743,0.000,0.000,0
656000,3.862,3.895,7.757,0.000,0.000,0
656500,3.862,3.895,7.757,0.000,0.000,0
657000,3.862,3.895,7.757,0.000,0.000,0
657500,3.872,3.885,7.757,0.000,0.000,0
658000,3.872,3.900,7.772,0.000,0.000,0
658500,3.872,3.900,7.772,0.000,0.000,0
659000,3.872,3.900,7.772,0.000,0.000,0
659500,3.872,3.900,7.772,0.000,0.000,0
660000,3.872,3.900,7.772,0.000,0.000,60
660500,3.843,3.915,7.757,0.000,0.000,60
661000,3.833,3.703,7.536,0.000,0.000,60
661500,3.803,3.910,7.713,0.000,0.000,60
662000,3.803,3.865,7.669,0.000,0.000,60
662500,3.803,3.910,7.713,0.000,0.000,60
663000,3.794,3.890,7.684,0.000,0.000,60
663500,3.794,3.875,7.669,0.000,0.000,60
664000,3.813,3.841,7.654,0.000,0.000,60
664500,3.823,3.816,7.639,0.000,0.000,60
665000,3.813,3.826,7.639,0.000,0.000,60
665500,3.784,3.885,7.669,0.000,0.000,60
666000,3.803,3.821,7.625,0.000,0.000,60
666500,3.833,3.777,7.610,0.000,0.000,60
667000,3.813,3.811,7.625,0.000,0.000,60
667500,3.784,3.900,7.684,0.000,0.000,60
668000,3.823,3.787,7.610,0.000,0.000,60
668500,3.764,3.904,7.669,0.000,0.000,60
669000,3.843,3.767,7.610,0.000,0.000,60
669500,3.784,3.841,7.625,0.000,0.000,60
670000,3.823,3.772,7.595,0.000,0.000,0
670500,3.853,3.890,7.743,0.000,0.000,0
671000,3.853,3.890,7.743,0.000,0.000,0
671500,3.862,3.880,7.743,0.000,0.000,0
672000,3.862,3.895,7.757,0.000,0.000,0
672500,3.862,3.895,7.757,0.000,0.000,0
673000,3.862,3.895,7.757,0.000,0.000,0
673500,3.862,3.895,7.757,0.000,0.000,0
674000,3.862,3.895,7.757,0.000,0.000,0
674500,3.872,3.900,7.772,0.000,0.000,0
675000,3.872,3.885,7.757,0.000,0.000,60
675500,3.862,3.880,7.743,0.000,0.000,60
676000,3.833,3.747,7.580,0.000,0.000,60
676500,3.784,3.929,7.713,0.000,0.000,60
677000,3.784,3.900,7.684,0.000,0.000,60
677500,3.843,3.767,7.610,0.000,0.000,60
678000,3.803,3.851,7.654,0.000,0.000,60
678500,3.823,3.787,7.610,0.000,0.000,60
679000,3.833,3.792,7.625,0.000,0.000,60
679500,3.823,3.787,7.610,0.000,0.000,60
680000,3.784,3.900,7.684,0.000,0.000,60
680500,3.833,3.777,7.610,0.000,0.000,60
681000,3.784,3.811,7.595,0.000,0.000,60
681500,3.833,3.777,7.610,0.000,0.000,60
682000,3.784,3.811,7.595,0.000,0.000,60
682500,3.774,3.880,7.654,0.000,0.000,60
683000,3.784,3.900,7.684,0.000,0.000,60
683500,3.784,3.885,7.669,0.000,0.000,60
684000,3.803,3.792,7.595,0.000,0.000,60
684500,3.774,3.895,7.669,0.000,0.000,60
685000,3.774,3.895,7.669,0.000,0.000,0
685500,3.853,3.875,7.728,0.000,0.000,0
686000,3.853,3.875,7.728,0.000,0.000,0
686500,3.853,3.890,7.743,0.000,0.000,0
687000,3.853,3.890,7.743,0.000,0.000,0
687500,3.862,3.880,7.743,0.000,0.000,0
688000,3.862,3.880,7.743,0.000,0.000,0
688500,3.862,3.895,7.757,0.000,0.000,0
689000,3.862,3.895,7.757,0.000,0.000,0
689500,3.862,3.895,7.757,0.000,0.000,0
690000,3.862,3.895,7.757,0.000,0.000,60
690500,3.853,3.890,7.743,0.000,0.000,60
691000,3.823,3.772,7.595,0.000,0.000,60
691500,3.774,3.850,7.625,0.000,0.000,60
692000,3.784,3.885,7.669,0.000,0.000,60
692500,3.784,3.900,7.684,0.000,0.000,60
693000,3.823,3.787,7.610,0.000,0.000,60
693500,3.774,3.880,7.654,0.000,0.000,60
694000,3.794,3.801,7.595,0.000,0.000,60
694500,3.803,3.792,7.595,0.000,0.000,60
695000,3.774,3.895,7.669,0.000,0.000,60
695500,3.774,3.895,7.669,0.000,0.000,60
696000,3.813,3.782,7.595,0.000,0.000,60
696500,3.833,3.762,7.595,0.000,0.000,60
697000,3.774,3.895,7.669,0.000,0.000,60
697500,3.803,3.777,7.580,0.000,0.000,60
698000,3.823,3.772,7.595,0.000,0.000,60
698500,3.813,3.782,7.595,0.000,0.000,60
699000,3.774,3.895,7.669,0.000,0.000,60
699500,3.803,3.792,7.595,0.000,0.000,60
700000,3.774,3.865,7.639,0.000,0.000,0
700500,3.843,3.870,7.713,0.000,0.000,0
701000,3.853,3.875,7.728,0.000,0.000,0
701500,3.853,3.875,7.728,0.000,0.000,0
702000,3.853,3.875,7.728,0.000,0.000,0
702500,3.853,3.890,7.743,0.000,0.000,0
703000,3.853,3.890,7.743,0.000,0.000,0
703500,3.862,3.880,7.743,0.000,0.000,0
704000,3.853,3.890,7.743,0.000,0.000,0
704500,3.862,3.880,7.743,0.000,0.000,0
705000,3.862,3.895,7.757,0.000,0.000,60
705500,3.843,3.900,7.743,0.000,0.000,60
706000,3.813,3.708,7.521,0.000,0.000,60
706500,3.833,3.792,7.625,0.000,0.000,60
707000,3.774,3.850,7.625,0.000,0.000,60
707500,3.794,3.801,7.595,0.000,0.000,60
708000,3.784,3.826,7.610,0.000,0.000,60
708500,3.794,3.831,7.625,0.000,0.000,60
709000,3.784,3.885,7.669,0.000,0.000,60
709500,3.833,3.762,7.595,0.000,0.000,60
710000,3.784,3.811,7.595,0.000,0.000,60
710500,3.803,3.792,7.595,0.000,0.000,60
711000,3.813,3.767,7.580,0.000,0.000,60
711500,3.794,3.831,7.625,0.000,0.000,60
712000,3.774,3.806,7.580,0.000,0.000,60
712500,3.764,3.875,7.639,0.000,0.000,60
713000,3.813,3.796,7.610,0.000,0.000,60
713500,3.774,3.806,7.580,0.000,0.000,60
714000,3.764,3.860,7.625,0.000,0.000,60
714500,3.813,3.752,7.566,0.000,0.000,60
715000,3.803,3.777,7.580,0.000,0.000,0
715500,3.843,3.870,7.713,0.000,0.000,0
716000,3.843,3.870,7.713,0.000,0.000,0
716500,3.843,3.885,7.728,0.000,0.000,0
717000,3.853,3.875,7.728,0.000,0.000,0
717500,3.853,3.875,7.728,0.000,0.000,0
718000,3.853,3.875,7.728,0.000,0.000,0
718500,3.853,3.890,7.743,0.000,0.000,0
719000,3.853,3.890,7.743,0.000,0.000,0
719500,3.853,3.890,7.743,0.000,0.000,0
720000,3.853,3.890,7.743,0.000,0.000,60
720500,3.853,3.890,7.743,0.000,0.000,60
721000,3.784,3.767,7.551,0.000,0.000,60
721500,3.833,3.762,7.595,0.000,0.000,60
722000,3.833,3.762,7.595,0.000,0.000,60
722500,3.803,3.777,7.580,0.000,0.000,60
723000,3.784,3.870,7.654,0.000,0.000,60
723500,3.823,3.757,7.580,0.000,0.000,60
724000,3.794,3.831,7.625,0.000,0.000,60
724500,3.803,3.792,7.595,0.000,0.000,60
725000,3.764,3.875,7.639,0.000,0.000,60
725500,3.764,3.890,7.654,0.000,0.000,60
726000,3.823,3.757,7.580,0.000,0.000,60
726500,3.774,3.836,7.610,0.000,0.000,60
727000,3.764,3.890,7.654,0.000,0.000,60
727500,3.813,3.767,7.580,0.000,0.000,60
728000,3.813,3.767,7.580,0.000,0.000,60
728500,3.764,3.919,7.684,0.000,0.000,60
729000,3.764,3.846,7.610,0.000,0.000,60
729500,3.823,3.757,7.580,0.000,0.000,60
730000,3.764,3.875,7.639,0.000,0.000,0
730500,3.843,3.856,7.698,0.000,0.000,0
731000,3.843,3.870,7.713,0.000,0.000,0
731500,3.843,3.870,7.713,0.000,0.000,0
732000,3.843,3.870,7.713,0.000,0.000,0
732500,3.843,3.870,7.713,0.000,0.000,0
733000,3.843,3.885,7.728,0.000,0.000,0
733500,3.853,3.875,7.728,0.000,0.000,0
734000,3.853,3.875,7.728,0.000,0.000,0
734500,3.853,3.875,7.728,0.000,0.000,0
735000,3.853,3.875,7.728,0.000,0.000,60
735500,3.853,3.875,7.728,0.000,0.000,60
736000,3.794,3.742,7.536,0.000,0.000,60
736500,3.833,3.762,7.595,0.000,0.000,60
737000,3.813,3.782,7.595,0.000,0.000,60
737500,3.764,3.904,7.669,0.000,0.000,60
738000,3.813,3.767,7.580,0.000,0.000,60
738500,3.764,3.890,7.654,0.000,0.000,60
739000,3.803,3.777,7.580,0.000,0.000,60
739500,3.803,3.792,7.595,0.000,0.000,60
740000,3.754,3.885,7.639,0.000,0.000,60
740500,3.794,3.772,7.566,0.000,0.000,60
741000,3.764,3.875,7.639,0.000,0.000,60
741500,3.803,3.777,7.580,0.000,0.000,60
742000,3.803,3.762,7.566,0.000,0.000,60
742500,3.764,3.875,7.639,0.000,0.000,60
743000,3.784,3.782,7.566,0.000,0.000,60
743500,3.764,3.875,7.639,0.000,0.000,60
744000,3.764,3.875,7.639,0.000,0.000,60
744500,3.764,3.831,7.595,0.000,0.000,60
745000,3.813,3.752,7.566,0.000,0.000,0
745500,3.833,3.865,7.698,0.000,0.000,0
746000,3.833,3.865,7.698,0.000,0.000,0
746500,3.843,3.870,7.713,0.000,0.000,0
747000,3.843,3.870,7.713,0.000,0.000,0
747500,3.843,3.870,7.713,0.000,0.000,0
748000,3.843,3.870,7.713,0.000,0.000,0
748500,3.843,3.870,7.713,0.000,0.000,0
749000,3.843,3.870,7.713,0.000,0.000,0
749500,3.843,3.885,7.728,0.000,0.000,0
750000,3.853,3.875,7.728,0.000,0.000,60
750500,3.823,3.890,7.713,0.000,0.000,60
751000,3.735,3.816,7.551,0.000,0.000,60
751500,3.794,3.801,7.595,0.000,0.000,60
752000,3.774,3.836,7.610,0.000,0.000,60
752500,3.813,3.767,7.580,0.000,0.000,60
753000,3.774,3.836,7.610,0.000,0.000,60
753500,3.784,3.811,7.595,0.000,0.000,60
754000,3.764,3.890,7.654,0.000,0.000,60
754500,3.784,3.782,7.566,0.000,0.000,60
755000,3.784,3.767,7.551,0.000,0.000,60
755500,3.764,3.875,7.639,0.000,0.000,60
756000,3.764,3.860,7.625,0.000,0.000,60
756500,3.754,3.885,7.639,0.000,0.000,60
757000,3.754,3.855,7.610,0.000,0.000,60
757500,3.754,3.855,7.610,0.000,0.000,60
758000,3.754,3.855,7.610,0.000,0.000,60
758500,3.813,3.752,7.566,0.000,0.000,60
759000,3.784,3.767,7.551,0.000,0.000,60
759500,3.813,3.737,7.551,0.000,0.000,60
760000,3.754,3.870,7.625,0.000,0.000,0
760500,3.833,3.851,7.684,0.000,0.000,0
761000,3.833,3.865,7.698,0.000,0.000,0
761500,3.833,3.865,7.698,0.000,0.000,0
762000,3.843,3.856,7.698,0.000,0.000,0
762500,3.843,3.870,7.713,0.000,0.000,0
763000,3.843,3.870,7.713,0.000,0.000,0
763500,3.843,3.870,7.713,0.000,0.000,0
764000,3.843,3.870,7.713,0.000,0.000,0
764500,3.843,3.870,7.713,0.000,0.000,0
765000,3.843,3.870,7.713,0.000,0.000,60
765500,3.843,3.870,7.713,0.000,0.000,60
766000,3.784,3.664,7.448,0.000,0.000,60
766500,3.823,3.757,7.580,0.000,0.000,60
767000,3.764,3.890,7.654,0.000,0.000,60
767500,3.774,3.777,7.551,0.000,0.000,60
768000,3.833,3.733,7.566,0.000,0.000,60
768500,3.794,3.787,7.580,0.000,0.000,60
769000,3.754,3.885,7.639,0.000,0.000,60
769500,3.813,3.767,7.580,0.000,0.000,60
770000,3.784,3.796,7.580,0.000,0.000,60
770500,3.764,3.816,7.580,0.000,0.000,60
771000,3.774,3.821,7.595,0.000,0.000,60
771500,3.813,3.752,7.566,0.000,0.000,60
772000,3.754,3.855,7.610,0.000,0.000,60
772500,3.803,3.762,7.566,0.000,0.000,60
773000,3.764,3.787,7.551,0.000,0.000,60
773500,3.764,3.787,7.551,0.000,0.000,60
774000,3.745,3.880,7.625,0.000,0.000,60
774500,3.794,3.772,7.566,0.000,0.000,60
775000,3.784,3.782,7.566,0.000,0.000,0
775500,3.823,3.860,7.684,0.000,0.000,0
776000,3.833,3.851,7.684,0.000,0.000,0
776500,3.833,3.865,7.698,0.000,0.000,0
777000,3.833,3.865,7.698,0.000,0.000,0
777500,3.833,3.865,7.698,0.000,0.000,0
778000,3.833,3.865,7.698,0.000,0.000,0
778500,3.843,3.856,7.698,0.000,0.000,0
779000,3.843,3.856,7.698,0.000,0.000,0
779500,3.843,3.870,7.713,0.000,0.000,0
780000,3.843,3.870,7.713,0.000,0.000,60
780500,3.833,3.851,7.684,0.000,0.000,60
781000,3.725,3.885,7.610,0.000,0.000,60
781500,3.754,3.870,7.625,0.000,0.000,60
782000,3.784,3.767,7.551,0.000,0.000,60
782500,3.754,3.855,7.610,0.000,0.000,60
783000,3.754,3.855,7.610,0.000,0.000,60
783500,3.754,3.870,7.625,0.000,0.000,60
784000,3.813,3.752,7.566,0.000,0.000,60
784500,3.754,3.885,7.639,0.000,0.000,60
785000,3.813,3.737,7.551,0.000,0.000,60
785500,3.803,3.747,7.551,0.000,0.000,60
786000,3.784,3.796,7.580,0.000,0.000,60
786500,3.784,3.752,7.536,0.000,0.000,60
787000,3.745,3.850,7.595,0.000,0.000,60
787500,3.745,3.880,7.625,0.000,0.000,60
788000,3.794,3.757,7.551,0.000,0.000,60
788500,3.754,3.870,7.625,0.000,0.000,60
789000,3.745,3.880,7.625,0.000,0.000,60
789500,3.754,3.870,7.625,0.000,0.000,60
790000,3.774,3.791,7.566,0.000,0.000,0
790500,3.823,3.860,7.684,0.000,0.000,0
791000,3.823,3.860,7.684,0.000,0.000,0
791500,3.833,3.851,7.684,0.000,0.000,0
792000,3.833,3.851,7.684,0.000,0.000,0
792500,3.833,3.865,7.698,0.000,0.000,0
793000,3.833,3.865,7.698,0.000,0.000,0
793500,3.833,3.865,7.698,0.000,0.000,0
794000,3.833,3.865,7.698,0.000,0.000,0
794500,3.833,3.865,7.698,0.000,0.000,0
795000,3.833,3.865,7.698,0.000,0.000,60
795500,3.833,3.865,7.698,0.000,0.000,60
796000,3.784,3.723,7.507,0.000,0.000,60
796500,3.764,3.875,7.639,0.000,0.000,60
797000,3.764,3.875,7.639,0.000,0.000,60
797500,3.754,3.870,7.625,0.000,0.000,60
798000,3.813,3.737,7.551,0.000,0.000,60
798500,3.754,3.855,7.610,0.000,0.000,60
799000,3.754,3.870,7.625,0.000,0.000,60
799500,3.794,3.742,7.536,0.000,0.000,60
800000,3.784,3.782,7.566,0.000,0.000,60
800500,3.754,3.870,7.625,0.000,0.000,60
801000,3.754,3.855,7.610,0.000,0.000,60
801500,3.745,3.865,7.610,0.000,0.000,60
802000,3.754,3.826,7.580,0.000,0.000,60
802500,3.754,3.767,7.521,0.000,0.000,60
803000,3.745,3.850,7.595,0.000,0.000,60
803500,3.794,3.728,7.521,0.000,0.000,60
804000,3.774,3.747,7.521,0.000,0.000,60
804500,3.784,3.752,7.536,0.000,0.000,60
805000,3.794,3.742,7.536,0.000,0.000,0
805500,3.823,3.846,7.669,0.000,0.000,0
806000,3.823,3.846,7.669,0.000,0.000,0
806500,3.823,3.860,7.684,0.000,0.000,0
807000,3.823,3.860,7.684,0.000,0.000,0
807500,3.823,3.860,7.684,0.000,0.000,0
808000,3.833,3.851,7.684,0.000,0.000,0
808500,3.833,3.851,7.684,0.000,0.000,0
809000,3.833,3.865,7.698,0.000,0.000,0
809500,3.833,3.865,7.698,0.000,0.000,0
810000,3.833,3.865,7.698,0.000,0.000,60
810500,3.803,3.895,7.698,0.000,0.000,60
811000,3.803,3.747,7.551,0.000,0.000,60
811500,3.754,3.870,7.625,0.000,0.000,60
812000,3.794,3.772,7.566,0.000,0.000,60
812500,3.745,3.865,7.610,0.000,0.000,60
813000,3.745,3.850,7.595,0.000,0.000,60
813500,3.754,3.870,7.625,0.000,0.000,60
814000,3.803,3.747,7.551,0.000,0.000,60
814500,3.813,3.723,7.536,0.000,0.000,60
815000,3.745,3.880,7.625,0.000,0.000,60
815500,3.754,3.767,7.521,0.000,0.000,60
816000,3.794,3.728,7.521,0.000,0.000,60
816500,3.784,3.737,7.521,0.000,0.000,60
817000,3.784,3.767,7.551,0.000,0.000,60
817500,3.784,3.737,7.521,0.000,0.000,60
818000,3.794,3.742,7.536,0.000,0.000,60
818500,3.735,3.860,7.595,0.000,0.000,60
819000,3.735,3.875,7.610,0.000,0.000,60
819500,3.745,3.865,7.610,0.000,0.000,60
820000,3.784,3.737,7.521,0.000,0.000,0
820500,3.813,3.841,7.654,0.000,0.000,0
821000,3.823,3.846,7.669,0.000,0.000,0
821500,3.823,3.846,7.669,0.000,0.000,0
822000,3.823,3.846,7.669,0.000,0.000,0
822500,3.823,3.846,7.669,0.000,0.000,0
823000,3.823,3.860,7.684,0.000,0.000,0
823500,3.823,3.860,7.684,0.000,0.000,0
824000,3.833,3.851,7.684,0.000,0.000,0
824500,3.833,3.851,7.684,0.000,0.000,0
825000,3.833,3.851,7.684,0.000,0.000,60
825500,3.823,3.860,7.684,0.000,0.000,60
826000,3.784,3.693,7.477,0.000,0.000,60
826500,3.764,3.860,7.625,0.000,0.000,60
827000,3.794,3.757,7.551,0.000,0.000,60
827500,3.803,3.718,7.521,0.000,0.000,60
828000,3.803,3.733,7.536,0.000,0.000,60
828500,3.745,3.880,7.625,0.000,0.000,60
829000,3.784,3.752,7.536,0.000,0.000,60
829500,3.803,3.733,7.536,0.000,0.000,60
830000,3.794,3.742,7.536,0.000,0.000,60
830500,3.794,3.728,7.521,0.000,0.000,60
831000,3.754,3.767,7.521,0.000,0.000,60
831500,3.784,3.737,7.521,0.000,0.000,60
832000,3.745,3.865,7.610,0.000,0.000,60
832500,3.745,3.806,7.551,0.000,0.000,60
833000,3.784,3.737,7.521,0.000,0.000,60
833500,3.764,3.787,7.551,0.000,0.000,60
834000,3.735,3.831,7.566,0.000,0.000,60
834500,3.784,3.737,7.521,0.000,0.000,60
835000,3.745,3.865,7.610,0.000,0.000,0
835500,3.813,3.841,7.654,0.000,0.000,0
836000,3.813,3.855,7.669,0.000,0.000,0
836500,3.823,3.846,7.669,0.000,0.000,0
837000,3.823,3.846,7.669,0.000,0.000,0
837500,3.823,3.846,7.669,0.000,0.000,0
838000,3.823,3.846,7.669,0.000,0.000,0
838500,3.823,3.846,7.669,0.000,0.000,0
839000,3.823,3.860,7.684,0.000,0.000,0
839500,3.823,3.860,7.684,0.000,0.000,0
840000,3.823,3.860,7.684,0.000,0.000,60
840500,3.823,3.831,7.654,0.000,0.000,60
841000,3.735,3.860,7.595,0.000,0.000,60
841500,3.803,3.718,7.521,0.000,0.000,60
842000,3.803,3.733,7.536,0.000,0.000,60
842500,3.794,3.728,7.521,0.000,0.000,60
843000,3.794,3.742,7.536,0.000,0.000,60
843500,3.774,3.747,7.521,0.000,0.000,60
844000,3.774,3.747,7.521,0.000,0.000,60
844500,3.735,3.831,7.566,0.000,0.000,60
845000,3.774,3.762,7.536,0.000,0.000,60
845500,3.794,3.728,7.521,0.000,0.000,60
846000,3.764,3.772,7.536,0.000,0.000,60
846500,3.764,3.772,7.536,0.000,0.000,60
847000,3.745,3.821,7.566,0.000,0.000,60
847500,3.735,3.816,7.551,0.000,0.000,60
848000,3.745,3.821,7.566,0.000,0.000,60
848500,3.735,3.831,7.566,0.000,0.000,60
849000,3.735,3.845,7.580,0.000,0.000,60
849500,3.784,3.737,7.521,0.000,0.000,60
850000,3.745,3.806,7.551,0.000,0.000,0
850500,3.813,3.841,7.654,0.000,0.000,0
851000,3.813,3.841,7.654,0.000,0.000,0
851500,3.813,3.841,7.654,0.000,0.000,0
852000,3.813,3.841,7.654,0.000,0.000,0
852500,3.823,3.846,7.669,0.000,0.000,0
853000,3.823,3.846,7.669,0.000,0.000,0
853500,3.823,3.846,7.669,0.000,0.000,0
854000,3.823,3.846,7.669,0.000,0.000,0
854500,3.823,3.846,7.669,0.000,0.000,0
855000,3.823,3.846,7.669,0.000,0.000,60
855500,3.813,3.855,7.669,0.000,0.000,60
856000,3.715,3.850,7.566,0.000,0.000,60
856500,3.774,3.747,7.521,0.000,0.000,60
857000,3.803,3.747,7.551,0.000,0.000,60
857500,3.764,3.757,7.521,0.000,0.000,60
858000,3.784,3.737,7.521,0.000,0.000,60
858500,3.745,3.865,7.610,0.000,0.000,60
859000,3.745,3.865,7.610,0.000,0.000,60
859500,3.745,3.850,7.595,0.000,0.000,60
860000,3.745,3.821,7.566,0.000,0.000,60
860500,3.794,3.698,7.492,0.000,0.000,60
861000,3.725,3.855,7.580,0.000,0.000,60
861500,3.735,3.860,7.595,0.000,0.000,60
862000,3.735,3.845,7.580,0.000,0.000,60
862500,3.735,3.860,7.595,0.000,0.000,60
863000,3.745,3.762,7.507,0.000,0.000,60
863500,3.784,3.723,7.507,0.000,0.000,60
864000,3.784,3.723,7.507,0.000,0.000,60
864500,3.735,3.772,7.507,0.000,0.000,60
865000,3.735,3.831,7.566,0.000,0.000,0
865500,3.803,3.836,7.639,0.000,0.000,0
866000,3.813,3.841,7.654,0.000,0.000,0
866500,3.813,3.841,7.654,0.000,0.000,0
867000,3.813,3.841,7.654,0.000,0.000,0
867500,3.813,3.841,7.654,0.000,0.000,0
868000,3.813,3.841,7.654,0.000,0.000,0
868500,3.823,3.846,7.669,0.000,0.000,0
869000,3.823,3.846,7.669,0.000,0.000,0
869500,3.823,3.846,7.669,0.000,0.000,0
870000,3.823,3.846,7.669,0.000,0.000,60
870500,3.813,3.855,7.669,0.000,0.000,60
871000,3.774,3.703,7.477,0.000,0.000,60
871500,3.745,3.836,7.580,0.000,0.000,60
872000,3.784,3.737,7.521,0.000,0.000,60
872500,3.745,3.865,7.610,0.000,0.000,60
873000,3.735,3.845,7.580,0.000,0.000,60
873500,3.735,3.831,7.566,0.000,0.000,60
874000,3.725,3.811,7.536,0.000,0.000,60
874500,3.794,3.742,7.536,0.000,0.000,60
875000,3.774,3.732,7.507,0.000,0.000,60
875500,3.735,3.757,7.492,0.000,0.000,60
876000,3.754,3.782,7.536,0.000,0.000,60
876500,3.735,3.816,7.551,0.000,0.000,60
877000,3.735,3.845,7.580,0.000,0.000,60
877500,3.764,3.728,7.492,0.000,0.000,60
878000,3.745,3.747,7.492,0.000,0.000,60
878500,3.774,3.718,7.492,0.000,0.000,60
879000,3.735,3.845,7.580,0.000,0.000,60
879500,3.784,3.708,7.492,0.000,0.000,60
880000,3.735,3.845,7.580,0.000,0.000,0
880500,3.803,3.836,7.639,0.000,0.000,0
881000,3.803,3.836,7.639,0.000,0.000,0
881500,3.813,3.826,7.639,0.000,0.000,0
882000,3.813,3.841,7.654,0.000,0.000,0
882500,3.813,3.841,7.654,0.000,0.000,0
883000,3.813,3.841,7.654,0.000,0.000,0
883500,3.813,3.841,7.654,0.000,0.000,0
884000,3.813,3.841,7.654,0.000,0.000,0
884500,3.813,3.841,7.654,0.000,0.000,0
885000,3.813,3.855,7.669,0.000,0.000,60
885500,3.813,3.826,7.639,0.000,0.000,60
886000,3.705,3.860,7.566,0.000,0.000,60
886500,3.745,3.806,7.551,0.000,0.000,60
887000,3.774,3.732,7.507,0.000,0.000,60
887500,3.764,3.742,7.507,0.000,0.000,60
888000,3.764,3.757,7.521,0.000,0.000,60
888500,3.735,3.816,7.551,0.000,0.000,60
889000,3.774,3.732,7.507,0.000,0.000,60
889500,3.715,3.821,7.536,0.000,0.000,60
890000,3.754,3.737,7.492,0.000,0.000,60
890500,3.735,3.845,7.580,0.000,0.000,60
891000,3.784,3.723,7.507,0.000,0.000,60
891500,3.764,3.742,7.507,0.000,0.000,60
892000,3.745,3.732,7.477,0.000,0.000,60
892500,3.725,3.826,7.551,0.000,0.000,60
893000,3.784,3.708,7.492,0.000,0.000,60
893500,3.725,3.826,7.551,0.000,0.000,60
894000,3.725,3.752,7.477,0.000,0.000,60
894500,3.725,3.796,7.521,0.000,0.000,60
895000,3.745,3.777,7.521,0.000,0.000,0
895500,3.803,3.821,7.625,0.000,0.000,0
896000,3.803,3.836,7.639,0.000,0.000,0
896500,3.803,3.836,7.639,0.000,0.000,0
897000,3.803,3.836,7.639,0.000,0.000,0
897500,3.803,3.836,7.639,0.000,0.000,0
898000,3.813,3.841,7.654,0.000,0.000,0
898500,3.813,3.841,7.654,0.000,0.000,0
899000,3.813,3.841,7.654,0.000,0.000,0
899500,3.813,3.841,7.654,0.000,0.000,0
900000,3.813,3.841,7.654,0.000,0.000,60
900500,3.803,3.806,7.610,0.000,0.000,60
901000,3.696,3.840,7.536,0.000,0.000,60
901500,3.735,3.845,7.580,0.000,0.000,60
902000,3.794,3.713,7.507,0.000,0.000,60
902500,3.735,3.816,7.551,0.000,0.000,60
903000,3.735,3.816,7.551,0.000,0.000,60
903500,3.735,3.831,7.566,0.000,0.000,60
904000,3.784,3.723,7.507,0.000,0.000,60
904500,3.735,3.831,7.566,0.000,0.000,60
905000,3.745,3.747,7.492,0.000,0.000,60
905500,3.725,3.855,7.580,0.000,0.000,60
906000,3.725,3.855,7.580,0.000,0.000,60
906500,3.774,3.747,7.521,0.000,0.000,60
907000,3.745,3.732,7.477,0.000,0.000,60
907500,3.725,3.855,7.580,0.000,0.000,60
908000,3.764,3.728,7.492,0.000,0.000,60
908500,3.754,3.723,7.477,0.000,0.000,60
909000,3.745,3.821,7.566,0.000,0.000,60
909500,3.745,3.732,7.477,0.000,0.000,60
910000,3.764,3.742,7.507,0.000,0.000,0
910500,3.803,3.821,7.625,0.000,0.000,0
911000,3.803,3.821,7.625,0.000,0.000,0
911500,3.803,3.836,7.639,0.000,0.000,0
912000,3.803,3.836,7.639,0.000,0.000,0
912500,3.803,3.836,7.639,0.000,0.000,0
913000,3.803,3.836,7.639,0.000,0.000,0
913500,3.803,3.836,7.639,0.000,0.000,0
914000,3.813,3.826,7.639,0.000,0.000,0
914500,3.813,3.841,7.654,0.000,0.000,0
915000,3.813,3.841,7.654,0.000,0.000,60
915500,3.803,3.836,7.639,0.000,0.000,60
916000,3.696,3.826,7.521,0.000,0.000,60
916500,3.735,3.860,7.595,0.000,0.000,60
917000,3.745,3.747,7.492,0.000,0.000,60
917500,3.725,3.826,7.551,0.000,0.000,60
918000,3.725,3.855,7.580,0.000,0.000,60
918500,3.784,3.708,7.492,0.000,0.000,60
919000,3.725,3.826,7.551,0.000,0.000,60
919500,3.725,3.826,7.551,0.000,0.000,60
920000,3.774,3.732,7.507,0.000,0.000,60
920500,3.715,3.791,7.507,0.000,0.000,60
921000,3.725,3.796,7.521,0.000,0.000,60
921500,3.764,3.728,7.492,0.000,0.000,60
922000,3.764,3.713,7.477,0.000,0.000,60
922500,3.774,3.703,7.477,0.000,0.000,60
923000,3.764,3.728,7.492,0.000,0.000,60
923500,3.725,3.811,7.536,0.000,0.000,60
924000,3.735,3.742,7.477,0.000,0.000,60
924500,3.764,3.728,7.492,0.000,0.000,60
925000,3.725,3.752,7.477,0.000,0.000,0
925500,3.794,3.831,7.625,0.000,0.000,0
926000,3.794,3.831,7.625,0.000,0.000,0
926500,3.803,3.821,7.625,0.000,0.000,0
927000,3.803,3.836,7.639,0.000,0.000,0
927500,3.803,3.836,7.639,0.000,0.000,0
928000,3.803,3.836,7.639,0.000,0.000,0
928500,3.803,3.836,7.639,0.000,0.000,0
929000,3.813,3.826,7.639,0.000,0.000,0
929500,3.813,3.826,7.639,0.000,0.000,0
930000,3.803,3.836,7.639,0.000,0.000,60
930500,3.784,3.855,7.639,0.000,0.000,60
931000,3.754,3.678,7.433,0.000,0.000,60
931500,3.774,3.732,7.507,0.000,0.000,60
932000,3.784,3.737,7.521,0.000,0.000,60
932500,3.735,3.757,7.492,0.000,0.000,60
933000,3.764,3.742,7.507,0.000,0.000,60
933500,3.764,3.742,7.507,0.000,0.000,60
934000,3.715,3.821,7.536,0.000,0.000,60
934500,3.754,3.752,7.507,0.000,0.000,60
935000,3.745,3.732,7.477,0.000,0.000,60
935500,3.754,3.723,7.477,0.000,0.000,60
936000,3.735,3.727,7.462,0.000,0.000,60
936500,3.725,3.752,7.477,0.000,0.000,60
937000,3.754,3.723,7.477,0.000,0.000,60
937500,3.764,3.728,7.492,0.000,0.000,60
938000,3.715,3.850,7.566,0.000,0.000,60
938500,3.764,3.713,7.477,0.000,0.000,60
939000,3.745,3.747,7.492,0.000,0.000,60
939500,3.754,3.737,7.492,0.000,0.000,60
940000,3.764,3.713,7.477,0.000,0.000,0
940500,3.794,3.816,7.610,0.000,0.000,0
941000,3.794,3.831,7.625,0.000,0.000,0
941500,3.794,3.831,7.625,0.000,0.000,0
942000,3.803,3.821,7.625,0.000,0.000,0
942500,3.803,3.821,7.625,0.000,0.000,0
943000,3.803,3.836,7.639,0.000,0.000,0
943500,3.803,3.836,7.639,0.000,0.000,0
944000,3.803,3.836,7.639,0.000,0.000,0
944500,3.803,3.836,7.639,0.000,0.000,0
945000,3.803,3.836,7.639,0.000,0.000,60
945500,3.794,3.846,7.639,0.000,0.000,60
946000,3.764,3.831,7.595,0.000,0.000,60
946500,3.715,3.836,7.551,0.000,0.000,60
947000,3.774,3.718,7.492,0.000,0.000,60
947500,3.764,3.728,7.492,0.000,0.000,60
948000,3.754,3.752,7.507,0.000,0.000,60
948500,3.725,3.811,7.536,0.000,0.000,60
949000,3.774,3.703,7.477,0.000,0.000,60
949500,3.774,3.703,7.477,0.000,0.000,60
950000,3.725,3.840,7.566,0.000,0.000,60
950500,3.725,3.840,7.566,0.000,0.000,60
951000,3.715,3.791,7.507,0.000,0.000,60
951500,3.774,3.703,7.477,0.000,0.000,60
952000,3.745,3.777,7.521,0.000,0.000,60
952500,3.745,3.747,7.492,0.000,0.000,60
953000,3.754,3.723,7.477,0.000,0.000,60
953500,3.764,3.698,7.462,0.000,0.000,60
954000,3.754,3.723,7.477,0.000,0.000,60
954500,3.754,3.708,7.462,0.000,0.000,60
955000,3.745,3.732,7.477,0.000,0.000,0
955500,3.794,3.816,7.610,0.000,0.000,0
956000,3.794,3.816,7.610,0.000,0.000,0
956500,3.794,3.831,7.625,0.000,0.000,0
957000,3.794,3.831,7.625,0.000,0.000,0
957500,3.794,3.831,7.625,0.000,0.000,0
958000,3.803,3.821,7.625,0.000,0.000,0
958500,3.803,3.821,7.625,0.000,0.000,0
959000,3.803,3.836,7.639,0.000,0.000,0
959500,3.803,3.821,7.625,0.000,0.000,0
960000,3.803,3.836,7.639,0.000,0.000,60
960500,3.803,3.821,7.625,0.000,0.000,60
961000,3.676,3.830,7.507,0.000,0.000,60
961500,3.774,3.703,7.477,0.000,0.000,60
962000,3.705,3.845,7.551,0.000,0.000,60
962500,3.725,3.826,7.551,0.000,0.000,60
963000,3.715,3.821,7.536,0.000,0.000,60
963500,3.764,3.713,7.477,0.000,0.000,60
964000,3.715,3.821,7.536,0.000,0.000,60
964500,3.745,3.732,7.477,0.000,0.000,60
965000,3.715,3.821,7.536,0.000,0.000,60
965500,3.735,3.772,7.507,0.000,0.000,60
966000,3.764,3.713,7.477,0.000,0.000,60
966500,3.764,3.713,7.477,0.000,0.000,60
967000,3.725,3.781,7.507,0.000,0.000,60
967500,3.715,3.821,7.536,0.000,0.000,60
968000,3.735,3.727,7.462,0.000,0.000,60
968500,3.715,3.806,7.521,0.000,0.000,60
969000,3.705,3.831,7.536,0.000,0.000,60
969500,3.725,3.767,7.492,0.000,0.000,60
970000,3.715,3.821,7.536,0.000,0.000,0
970500,3.784,3.826,7.610,0.000,0.000,0
971000,3.794,3.816,7.610,0.000,0.000,0
971500,3.794,3.816,7.610,0.000,0.000,0
972000,3.794,3.831,7.625,0.000,0.000,0
972500,3.794,3.831,7.625,0.000,0.000,0
973000,3.794,3.831,7.625,0.000,0.000,0
973500,3.794,3.831,7.625,0.000,0.000,0
974000,3.803,3.821,7.625,0.000,0.000,0
974500,3.803,3.821,7.625,0.000,0.000,0
975000,3.803,3.821,7.625,0.000,0.000,60
975500,3.803,3.806,7.610,0.000,0.000,60
976000,3.745,3.659,7.403,0.000,0.000,60
976500,3.745,3.732,7.477,0.000,0.000,60
977000,3.715,3.836,7.551,0.000,0.000,60
977500,3.715,3.836,7.551,0.000,0.000,60
978000,3.745,3.762,7.507,0.000,0.000,60
978500,3.725,3.781,7.507,0.000,0.000,60
979000,3.735,3.727,7.462,0.000,0.000,60
979500,3.715,3.806,7.521,0.000,0.000,60
980000,3.754,3.708,7.462,0.000,0.000,60
980500,3.754,3.708,7.462,0.000,0.000,60
981000,3.705,3.786,7.492,0.000,0.000,60
981500,3.754,3.708,7.462,0.000,0.000,60
982000,3.715,3.806,7.521,0.000,0.000,60
982500,3.705,3.831,7.536,0.000,0.000,60
983000,3.725,3.767,7.492,0.000,0.000,60
983500,3.745,3.703,7.448,0.000,0.000,60
984000,3.745,3.718,7.462,0.000,0.000,60
984500,3.764,3.683,7.448,0.000,0.000,60
985000,3.764,3.698,7.462,0.000,0.000,0
985500,3.784,3.811,7.595,0.000,0.000,0
986000,3.784,3.826,7.610,0.000,0.000,0
986500,3.784,3.826,7.610,0.000,0.000,0
987000,3.794,3.816,7.610,0.000,0.000,0
987500,3.794,3.816,7.610,0.000,0.000,0
988000,3.794,3.816,7.610,0.000,0.000,0
988500,3.794,3.831,7.625,0.000,0.000,0
989000,3.794,3.831,7.625,0.000,0.000,0
989500,3.794,3.831,7.625,0.000,0.000,0
990000,3.794,3.831,7.625,0.000,0.000,60
990500,3.784,3.841,7.625,0.000,0.000,60
991000,3.754,3.693,7.448,0.000,0.000,60
991500,3.745,3.747,7.492,0.000,0.000,60
992000,3.735,3.727,7.462,0.000,0.000,60
992500,3.715,3.836,7.551,0.000,0.000,60
993000,3.735,3.757,7.492,0.000,0.000,60
993500,3.754,3.723,7.477,0.000,0.000,60
994000,3.715,3.762,7.477,0.000,0.000,60
994500,3.705,3.816,7.521,0.000,0.000,60
995000,3.715,3.747,7.462,0.000,0.000,60
995500,3.715,3.791,7.507,0.000,0.000,60
996000,3.715,3.821,7.536,0.000,0.000,60
996500,3.764,3.698,7.462,0.000,0.000,60
997000,3.764,3.698,7.462,0.000,0.000,60
997500,3.705,3.831,7.536,0.000,0.000,60
998000,3.705,3.816,7.521,0.000,0.000,60
998500,3.705,3.772,7.477,0.000,0.000,60
999000,3.754,3.693,7.448,0.000,0.000,60
999500,3.754,3.723,7.477,0.000,0.000,60
1000000,3.745,3.703,7.448,0.000,0.000,0
1000500,3.784,3.811,7.595,0.000,0.000,0
1001000,3.784,3.811,7.595,0.000,0.000,0
1001500,3.784,3.811,7.595,0.000,0.000,0
1002000,3.794,3.816,7.610,0.000,0.000,0
1002500,3.794,3.816,7.610,0.000,0.000,0
1003000,3.794,3.816,7.610,0.000,0.000,0
1003500,3.794,3.816,7.610,0.000,0.000,0
1004000,3.794,3.816,7.610,0.000,0.000,0
1004500,3.794,3.816,7.610,0.000,0.000,0
1005000,3.794,3.816,7.610,0.000,0.000,60
1005500,3.794,3.816,7.610,0.000,0.000,60
1006000,3.735,3.698,7.433,0.000,0.000,60
1006500,3.735,3.727,7.462,0.000,0.000,60
1007000,3.754,3.723,7.477,0.000,0.000,60
1007500,3.715,3.791,7.507,0.000,0.000,60
1008000,3.735,3.742,7.477,0.000,0.000,60
1008500,3.764,3.698,7.462,0.000,0.000,60
1009000,3.745,3.718,7.462,0.000,0.000,60
1009500,3.754,3.693,7.448,0.000,0.000,60
1010000,3.705,3.831,7.536,0.000,0.000,60
1010500,3.735,3.742,7.477,0.000,0.000,60
1011000,3.754,3.708,7.462,0.000,0.000,60
1011500,3.705,3.816,7.521,0.000,0.000,60
1012000,3.705,3.816,7.521,0.000,0.000,60
1012500,3.705,3.816,7.521,0.000,0.000,60
1013000,3.754,3.693,7.448,0.000,0.000,60
1013500,3.735,3.727,7.462,0.000,0.000,60
1014000,3.725,3.752,7.477,0.000,0.000,60
1014500,3.705,3.816,7.521,0.000,0.000,60
1015000,3.754,3.693,7.448,0.000,0.000,0
1015500,3.774,3.806,7.580,0.000,0.000,0
1016000,3.784,3.811,7.595,0.000,0.000,0
1016500,3.784,3.811,7.595,0.000,0.000,0
1017000,3.784,3.811,7.595,0.000,0.000,0
1017500,3.784,3.811,7.595,0.000,0.000,0
1018000,3.784,3.826,7.610,0.000,0.000,0
1018500,3.794,3.816,7.610,0.000,0.000,0
1019000,3.794,3.816,7.610,0.000,0.000,0
1019500,3.794,3.816,7.610,0.000,0.000,0
1020000,3.794,3.816,7.610,0.000,0.000,60
1020500,3.784,3.826,7.610,0.000,0.000,60
1021000,3.705,3.727,7.433,0.000,0.000,60
1021500,3.715,3.791,7.507,0.000,0.000,60
1022000,3.705,3.801,7.507,0.000,0.000,60
1022500,3.715,3.836,7.551,0.000,0.000,60
1023000,3.715,3.762,7.477,0.000,0.000,60
1023500,3.754,3.708,7.462,0.000,0.000,60
1024000,3.764,3.683,7.448,0.000,0.000,60
1024500,3.705,3.831,7.536,0.000,0.000,60
1025000,3.705,3.801,7.507,0.000,0.000,60
1025500,3.705,3.757,7.462,0.000,0.000,60
1026000,3.715,3.718,7.433,0.000,0.000,60
1026500,3.705,3.816,7.521,0.000,0.000,60
1027000,3.705,3.816,7.521,0.000,0.000,60
1027500,3.705,3.816,7.521,0.000,0.000,60
1028000,3.745,3.688,7.433,0.000,0.000,60
1028500,3.735,3.698,7.433,0.000,0.000,60
1029000,3.754,3.693,7.448,0.000,0.000,60
1029500,3.705,3.772,7.477,0.000,0.000,60
1030000,3.754,3.693,7.448,0.000,0.000,0
1030500,3.774,3.806,7.580,0.000,0.000,0
1031000,3.784,3.811,7.595,0.000,0.000,0
1031500,3.784,3.811,7.595,0.000,0.000,0
1032000,3.784,3.811,7.595,0.000,0.000,0
1032500,3.784,3.811,7.595,0.000,0.000,0
1033000,3.784,3.811,7.595,0.000,0.000,0
1033500,3.794,3.816,7.610,0.000,0.000,0
1034000,3.784,3.826,7.610,0.000,0.000,0
1034500,3.794,3.816,7.610,0.000,0.000,0
1035000,3.784,3.826,7.610,0.000,0.000,60
1035500,3.784,3.782,7.566,0.000,0.000,60
1036000,3.745,3.644,7.389,0.000,0.000,60
1036500,3.754,3.708,7.462,0.000,0.000,60
1037000,3.764,3.713,7.477,0.000,0.000,60
1037500,3.735,3.713,7.448,0.000,0.000,60
1038000,3.754,3.708,7.462,0.000,0.000,60
1038500,3.705,3.816,7.521,0.000,0.000,60
1039000,3.754,3.708,7.462,0.000,0.000,60
1039500,3.705,3.816,7.521,0.000,0.000,60
1040000,3.725,3.722,7.448,0.000,0.000,60
1040500,3.705,3.816,7.521,0.000,0.000,60
1041000,3.715,3.806,7.521,0.000,0.000,60
1041500,3.696,3.826,7.521,0.000,0.000,60
1042000,3.745,3.688,7.433,0.000,0.000,60
1042500,3.745,3.703,7.448,0.000,0.000,60
1043000,3.745,3.703,7.448,0.000,0.000,60
1043500,3.705,3.801,7.507,0.000,0.000,60
1044000,3.745,3.673,7.418,0.000,0.000,60
1044500,3.754,3.693,7.448,0.000,0.000,60
1045000,3.696,3.781,7.477,0.000,0.000,0
1045500,3.774,3.806,7.580,0.000,0.000,0
1046000,3.784,3.796,7.580,0.000,0.000,0
1046500,3.784,3.796,7.580,0.000,0.000,0
1047000,3.784,3.796,7.580,0.000,0.000,0
1047500,3.784,3.811,7.595,0.000,0.000,0
1048000,3.784,3.811,7.595,0.000,0.000,0
1048500,3.784,3.811,7.595,0.000,0.000,0
1049000,3.784,3.811,7.595,0.000,0.000,0
1049500,3.784,3.826,7.610,0.000,0.000,0
1050000,3.784,3.826,7.610,0.000,0.000,60
1050500,3.784,3.811,7.595,0.000,0.000,60
1051000,3.715,3.659,7.374,0.000,0.000,60
1051500,3.725,3.708,7.433,0.000,0.000,60
1052000,3.754,3.693,7.448,0.000,0.000,60
1052500,3.705,3.816,7.521,0.000,0.000,60
1053000,3.696,3.796,7.492,0.000,0.000,60
1053500,3.745,3.688,7.433,0.000,0.000,60
1054000,3.745,3.703,7.448,0.000,0.000,60
1054500,3.754,3.678,7.433,0.000,0.000,60
1055000,3.715,3.777,7.492,0.000,0.000,60
1055500,3.705,3.742,7.448,0.000,0.000,60
1056000,3.705,3.816,7.521,0.000,0.000,60
1056500,3.754,3.678,7.433,0.000,0.000,60
1057000,3.705,3.801,7.507,0.000,0.000,60
1057500,3.696,3.781,7.477,0.000,0.000,60
1058000,3.725,3.708,7.433,0.000,0.000,60
1058500,3.745,3.673,7.418,0.000,0.000,60
1059000,3.735,3.683,7.418,0.000,0.000,60
1059500,3.745,3.673,7.418,0.000,0.000,60
1060000,3.735,3.698,7.433,0.000,0.000,0
1060500,3.774,3.791,7.566,0.000,0.000,0
1061000,3.774,3.806,7.580,0.000,0.000,0
1061500,3.774,3.806,7.580,0.000,0.000,0
1062000,3.774,3.806,7.580,0.000,0.000,0
1062500,3.784,3.796,7.580,0.000,0.000,0
1063000,3.784,3.811,7.595,0.000,0.000,0
1063500,3.784,3.811,7.595,0.000,0.000,0
1064000,3.784,3.811,7.595,0.000,0.000,0
1064500,3.784,3.811,7.595,0.000,0.000,0
1065000,3.784,3.811,7.595,0.000,0.000,60
1065500,3.784,3.811,7.595,0.000,0.000,60
1066000,3.656,3.599,7.256,0.000,0.000,60
1066500,3.705,3.831,7.536,0.000,0.000,60
1067000,3.696,3.796,7.492,0.000,0.000,60
1067500,3.705,3.816,7.521,0.000,0.000,60
1068000,3.705,3.831,7.536,0.000,0.000,60
1068500,3.754,3.678,7.433,0.000,0.000,60
1069000,3.754,3.708,7.462,0.000,0.000,60
1069500,3.705,3.742,7.448,0.000,0.000,60
1070000,3.696,3.781,7.477,0.000,0.000,60
1070500,3.696,3.811,7.507,0.000,0.000,60
1071000,3.705,3.801,7.507,0.000,0.000,60
1071500,3.745,3.688,7.433,0.000,0.000,60
1072000,3.705,3.727,7.433,0.000,0.000,60
1072500,3.725,3.722,7.448,0.000,0.000,60
1073000,3.745,3.688,7.433,0.000,0.000,60
1073500,3.696,3.811,7.507,0.000,0.000,60
1074000,3.725,3.708,7.433,0.000,0.000,60
1074500,3.686,3.821,7.507,0.000,0.000,60
1075000,3.745,3.673,7.418,0.000,0.000,0
1075500,3.774,3.791,7.566,0.000,0.000,0
1076000,3.774,3.806,7.580,0.000,0.000,0
1076500,3.774,3.806,7.580,0.000,0.000,0
1077000,3.774,3.806,7.580,0.000,0.000,0
1077500,3.784,3.796,7.580,0.000,0.000,0
1078000,3.774,3.806,7.580,0.000,0.000,0
1078500,3.784,3.811,7.595,0.000,0.000,0
1079000,3.784,3.811,7.595,0.000,0.000,0
1079500,3.784,3.811,7.595,0.000,0.000,0
1080000,3.784,3.811,7.595,0.000,0.000,60
1080500,3.774,3.806,7.580,0.000,0.000,60
1081000,3.745,3.614,7.339,0.020,0.000,60
1081500,3.696,3.811,7.507,0.000,0.000,60
1082000,3.705,3.727,7.433,0.000,0.000,60
1082500,3.735,3.713,7.448,0.000,0.000,60
1083000,3.686,3.821,7.507,0.000,0.000,60
1083500,3.745,3.688,7.433,0.000,0.000,60
1084000,3.745,3.718,7.462,0.000,0.000,60
1084500,3.696,3.811,7.507,0.000,0.000,60
1085000,3.705,3.742,7.448,0.000,0.000,60
1085500,3.696,3.811,7.507,0.000,0.000,60
1086000,3.696,3.737,7.433,0.000,0.000,60
1086500,3.686,3.791,7.477,0.000,0.000,60
1087000,3.696,3.796,7.492,0.000,0.000,60
1087500,3.696,3.796,7.492,0.000,0.000,60
1088000,3.745,3.673,7.418,0.000,0.000,60
1088500,3.696,3.811,7.507,0.000,0.000,60
1089000,3.735,3.698,7.433,0.000,0.000,60
1089500,3.754,3.664,7.418,0.000,0.000,60
1090000,3.715,3.703,7.418,0.000,0.000,0
1090500,3.764,3.801,7.566,0.000,0.000,0
1091000,3.774,3.791,7.566,0.000,0.000,0
1091500,3.774,3.806,7.580,0.000,0.000,0
1092000,3.774,3.806,7.580,0.000,0.000,0
1092500,3.774,3.806,7.580,0.000,0.000,0
1093000,3.774,3.806,7.580,0.000,0.000,0
1093500,3.784,3.796,7.580,0.000,0.000,0
1094000,3.784,3.796,7.580,0.000,0.000,0
1094500,3.784,3.811,7.595,0.000,0.000,0
1095000,3.784,3.811,7.595,0.000,0.000,60
1095500,3.774,3.791,7.566,0.000,0.000,60
1096000,3.666,3.767,7.433,0.000,0.000,60
1096500,3.705,3.816,7.521,0.000,0.000,60
1097000,3.705,3.727,7.433,0.000,0.000,60
1097500,3.745,3.673,7.418,0.000,0.000,60
1098000,3.725,3.722,7.448,0.000,0.000,60
1098500,3.735,3.713,7.448,0.000,0.000,60
1099000,3.696,3.811,7.507,0.000,0.000,60
1099500,3.696,3.781,7.477,0.000,0.000,60
1100000,3.735,3.668,7.403,0.000,0.000,60
1100500,3.725,3.693,7.418,0.000,0.000,60
1101000,3.715,3.732,7.448,0.000,0.000,60
1101500,3.686,3.806,7.492,0.000,0.000,60
1102000,3.686,3.806,7.492,0.000,0.000,60
1102500,3.715,3.703,7.418,0.000,0.000,60
1103000,3.696,3.781,7.477,0.000,0.000,60
1103500,3.725,3.722,7.448,0.000,0.000,60
1104000,3.696,3.796,7.492,0.000,0.000,60
1104500,3.725,3.693,7.418,0.000,0.000,60
1105000,3.735,3.654,7.389,0.000,0.000,0
1105500,3.764,3.801,7.566,0.000,0.000,0
1106000,3.764,3.801,7.566,0.000,0.000,0
1106500,3.774,3.791,7.566,0.000,0.000,0
1107000,3.774,3.791,7.566,0.000,0.000,0
1107500,3.774,3.806,7.580,0.000,0.000,0
1108000,3.774,3.806,7.580,0.000,0.000,0
1108500,3.774,3.806,7.580,0.000,0.000,0
1109000,3.774,3.806,7.580,0.000,0.000,0
1109500,3.774,3.806,7.580,0.000,0.000,0
1110000,3.774,3.806,7.580,0.000,0.000,60
1110500,3.774,3.806,7.580,0.000,0.000,60
1111000,3.617,3.801,7.418,0.000,0.000,60
1111500,3.696,3.811,7.507,0.000,0.000,60
1112000,3.715,3.732,7.448,0.000,0.000,60
1112500,3.696,3.796,7.492,0.000,0.000,60
1113000,3.705,3.786,7.492,0.000,0.000,60
1113500,3.696,3.781,7.477,0.000,0.000,60
1114000,3.745,3.688,7.433,0.000,0.000,60
1114500,3.745,3.673,7.418,0.000,0.000,60
1115000,3.696,3.781,7.477,0.000,0.000,60
1115500,3.696,3.722,7.418,0.000,0.000,60
1116000,3.745,3.673,7.418,0.000,0.000,60
1116500,3.725,3.693,7.418,0.000,0.000,60
1117000,3.686,3.791,7.477,0.000,0.000,60
1117500,3.686,3.806,7.492,0.000,0.000,60
1118000,3.735,3.668,7.403,0.000,0.000,60
1118500,3.686,3.776,7.462,0.000,0.000,60
1119000,3.696,3.722,7.418,0.000,0.000,60
1119500,3.696,3.752,7.448,0.000,0.000,60
1120000,3.715,3.703,7.418,0.000,0.000,0
1120500,3.764,3.787,7.551,0.000,0.000,0
1121000,3.764,3.801,7.566,0.000,0.000,0
1121500,3.774,3.791,7.566,0.000,0.000,0
1122000,3.764,3.801,7.566,0.000,0.000,0
1122500,3.774,3.791,7.566,0.000,0.000,0
1123000,3.774,3.806,7.580,0.000,0.000,0
1123500,3.774,3.806,7.580,0.000,0.000,0
1124000,3.774,3.806,7.580,0.000,0.000,0
1124500,3.774,3.806,7.580,0.000,0.000,0
1125000,3.774,3.806,7.580,0.000,0.000,60
1125500,3.774,3.777,7.551,0.000,0.000,60
1126000,3.705,3.624,7.330,0.000,0.000,60
1126500,3.696,3.811,7.507,0.000,0.000,60
1127000,3.725,3.722,7.448,0.000,0.000,60
1127500,3.696,3.722,7.418,0.000,0.000,60
1128000,3.745,3.673,7.418,0.000,0.000,60
1128500,3.676,3.801,7.477,0.000,0.000,60
1129000,3.686,3.791,7.477,0.000,0.000,60
1129500,3.696,3.722,7.418,0.000,0.000,60
1130000,3.696,3.752,7.448,0.000,0.000,60
1130500,3.686,3.806,7.492,0.000,0.000,60
1131000,3.686,3.776,7.462,0.000,0.000,60
1131500,3.735,3.683,7.418,0.000,0.000,60
1132000,3.686,3.717,7.403,0.000,0.000,60
1132500,3.696,3.781,7.477,0.000,0.000,60
1133000,3.696,3.796,7.492,0.000,0.000,60
1133500,3.725,3.678,7.403,0.000,0.000,60
1134000,3.686,3.791,7.477,0.000,0.000,60
1134500,3.715,3.688,7.403,0.000,0.000,60
1135000,3.705,3.698,7.403,0.000,0.000,0
1135500,3.764,3.787,7.551,0.000,0.000,0
1136000,3.764,3.787,7.551,0.000,0.000,0
1136500,3.764,3.801,7.566,0.000,0.000,0
1137000,3.774,3.791,7.566,0.000,0.000,0
1137500,3.774,3.791,7.566,0.000,0.000,0
1138000,3.774,3.791,7.566,0.000,0.000,0
1138500,3.774,3.791,7.566,0.000,0.000,0
1139000,3.774,3.791,7.566,0.000,0.000,0
1139500,3.774,3.806,7.580,0.000,0.000,0
1140000,3.774,3.806,7.580,0.000,0.000,60
1140500,3.764,3.801,7.566,0.000,0.000,60
1141000,3.715,3.585,7.300,0.000,0.000,60
1141500,3.696,3.811,7.507,0.000,0.000,60
1142000,3.725,3.693,7.418,0.000,0.000,60
1142500,3.696,3.767,7.462,0.000,0.000,60
1143000,3.696,3.811,7.507,0.000,0.000,60
1143500,3.686,3.806,7.492,0.000,0.000,60
1144000,3.715,3.703,7.418,0.000,0.000,60
1144500,3.686,3.776,7.462,0.000,0.000,60
1145000,3.696,3.752,7.448,0.000,0.000,60
1145500,3.696,3.708,7.403,0.000,0.000,60
1146000,3.676,3.757,7.433,0.000,0.000,60
1146500,3.676,3.727,7.403,0.000,0.000,60
1147000,3.676,3.816,7.492,0.000,0.000,60
1147500,3.696,3.708,7.403,0.000,0.000,60
1148000,3.676,3.816,7.492,0.000,0.000,60
1148500,3.705,3.727,7.433,0.000,0.000,60
1149000,3.696,3.752,7.448,0.000,0.000,60
1149500,3.686,3.791,7.477,0.000,0.000,60
1150000,3.725,3.678,7.403,0.000,0.000,0
1150500,3.764,3.787,7.551,0.000,0.000,0
1151000,3.764,3.787,7.551,0.000,0.000,0
1151500,3.764,3.787,7.551,0.000,0.000,0
1152000,3.764,3.801,7.566,0.000,0.000,0
1152500,3.764,3.801,7.566,0.000,0.000,0
1153000,3.774,3.791,7.566,0.000,0.000,0
1153500,3.774,3.791,7.566,0.000,0.000,0
